{
  "thalami": 0.821401834487915,
  "midbrain": 0.662990391254425,
  "NT": 0.5401161313056946,
  "IT": 0.3538161814212799,
  "nasal_tip": 0.286531925201416,
  "CM": 0.270460844039917
}