{
  "thalami": 0.8789049386978149,
  "midbrain": 0.790445864200592,
  "IT": 0.7584033012390137,
  "CM": 0.6662523150444031,
  "nasal_tip": 0.5126151442527771,
  "nasal_skin": 0.5010251998901367
}