{
  "thalami": 0.7843143939971924,
  "midbrain": 0.7727953195571899,
  "IT": 0.40754568576812744,
  "nasal_tip": 0.3672718107700348,
  "CM": 0.340295672416687
}