{
  "IT": 0.6411959528923035,
  "CM": 0.5194560885429382,
  "midbrain": 0.48473405838012695,
  "thalami": 0.4538877308368683
}