{
  "thalami": 0.8494389653205872,
  "nasal_skin": 0.7907667756080627,
  "midbrain": 0.7769038677215576,
  "CM": 0.7633117437362671,
  "nasal_tip": 0.6956000328063965,
  "IT": 0.6886112093925476,
  "NT": 0.39820361137390137
}