{
  "thalami": 0.8044838905334473,
  "midbrain": 0.7329760789871216,
  "IT": 0.6000022888183594,
  "nasal_tip": 0.39977777004241943,
  "CM": 0.3931658864021301,
  "NT": 0.3189552426338196
}