{
  "thalami": 0.6688242554664612,
  "IT": 0.6117852330207825,
  "NT": 0.5350492000579834,
  "midbrain": 0.4768580198287964,
  "CM": 0.25907638669013977,
  "nasal_tip": 0.2966182231903076
}