{
  "thalami": 0.7354800701141357,
  "IT": 0.4242575168609619,
  "midbrain": 0.6082075834274292,
  "CM": 0.5894175171852112
}