{
  "midbrain": 0.7909097075462341,
  "thalami": 0.7846816778182983,
  "IT": 0.7285172939300537,
  "CM": 0.4868084788322449,
  "NT": 0.2973911166191101,
  "nasal_tip": 0.34980207681655884
}