{
  "thalami": 0.8272573351860046,
  "midbrain": 0.7559501528739929,
  "CM": 0.721852719783783,
  "IT": 0.700501024723053,
  "NT": 0.6603530645370483
}