{
  "thalami": 0.7849265933036804,
  "IT": 0.6905573010444641,
  "midbrain": 0.6034574508666992,
  "CM": 0.6008108854293823,
  "nasal_tip": 0.2610388696193695
}