{
  "IT": 0.7582654356956482,
  "midbrain": 0.7242589592933655,
  "thalami": 0.6978404521942139,
  "CM": 0.5666235685348511,
  "NT": 0.4656071662902832
}