{
  "thalami": 0.7721166610717773,
  "midbrain": 0.7627407312393188,
  "IT": 0.5599709153175354,
  "CM": 0.4530493915081024,
  "nasal_tip": 0.36101797223091125,
  "NT": 0.351117879152298
}