{
  "thalami": 0.7865743041038513,
  "midbrain": 0.767970860004425,
  "CM": 0.6207749843597412,
  "IT": 0.2953823506832123,
  "NT": 0.41739949584007263,
  "nasal_tip": 0.4042915105819702
}