{
  "thalami": 0.5185511708259583,
  "NT": 0.4890170991420746,
  "IT": 0.3228159248828888,
  "midbrain": 0.3656888008117676,
  "CM": 0.3524191677570343
}