{
  "thalami": 0.5832420587539673,
  "midbrain": 0.5342295169830322,
  "nasal_skin": 0.475359171628952,
  "IT": 0.4173758327960968,
  "nasal_tip": 0.32119980454444885
}