{
  "midbrain": 0.7247154116630554,
  "thalami": 0.6571994423866272,
  "IT": 0.42669478058815,
  "NT": 0.34998777508735657,
  "nasal_tip": 0.334669291973114
}