{
  "thalami": 0.9023054242134094,
  "midbrain": 0.6163535118103027,
  "IT": 0.536414384841919,
  "NT": 0.5356705188751221,
  "CM": 0.28762513399124146
}