{
  "thalami": 0.36437588930130005,
  "IT": 0.7655089497566223,
  "midbrain": 0.7203632593154907,
  "CM": 0.5253514647483826,
  "NT": 0.44404157996177673,
  "nasal_tip": 0.3920699656009674
}