{
  "thalami": 0.8442097306251526,
  "midbrain": 0.8097071051597595,
  "IT": 0.7103956937789917,
  "CM": 0.4665641188621521,
  "nasal_tip": 0.4380709230899811,
  "NT": 0.35267168283462524
}