{
  "IT": 0.8660966157913208,
  "thalami": 0.8189823627471924,
  "midbrain": 0.7820010185241699,
  "CM": 0.7154410481452942,
  "nasal_tip": 0.3350696861743927,
  "NT": 0.2522273361682892
}