{
  "midbrain": 0.8178643584251404,
  "thalami": 0.8172699809074402,
  "IT": 0.767793595790863,
  "nasal_tip": 0.7464129328727722,
  "CM": 0.6460060477256775
}