{
  "thalami": 0.7116649746894836,
  "midbrain": 0.6882227659225464,
  "CM": 0.4397220015525818,
  "nasal_tip": 0.337574303150177
}