{
  "midbrain": 0.833740770816803,
  "thalami": 0.7732462882995605,
  "IT": 0.6783250570297241,
  "CM": 0.5502838492393494,
  "nasal_tip": 0.28697842359542847,
  "NT": 0.27413925528526306
}