{
  "midbrain": 0.7940008640289307,
  "thalami": 0.7927222847938538,
  "IT": 0.7307671308517456,
  "CM": 0.5623990297317505,
  "nasal_tip": 0.4042437672615051
}