{
  "thalami": 0.8134059309959412,
  "midbrain": 0.7938810586929321,
  "IT": 0.7187791466712952,
  "nasal_skin": 0.6568642258644104,
  "NT": 0.5940780639648438,
  "nasal_tip": 0.5637098550796509,
  "CM": 0.5521586537361145
}