{
  "IT": 0.8103998303413391,
  "midbrain": 0.7173068523406982,
  "thalami": 0.6980527639389038,
  "nasal_tip": 0.36523157358169556,
  "NT": 0.3644508123397827,
  "CM": 0.280444860458374
}