{
  "thalami": 0.7972419261932373,
  "CM": 0.7637799978256226,
  "IT": 0.7251322865486145,
  "midbrain": 0.6788344979286194,
  "nasal_tip": 0.319778174161911
}