{
  "CM": 0.8003217577934265,
  "thalami": 0.7657063007354736,
  "IT": 0.7203695774078369,
  "midbrain": 0.7118276357650757,
  "nasal_skin": 0.6963867545127869,
  "nasal_tip": 0.4703776240348816,
  "NT": 0.2518959045410156
}