{
  "NT": 0.6563763618469238,
  "nasal_tip": 0.6533150672912598,
  "thalami": 0.6408180594444275,
  "nasal_skin": 0.5936327576637268,
  "CM": 0.30463793873786926,
  "IT": 0.35248231887817383
}