{
  "midbrain": 0.7955226898193359,
  "thalami": 0.7923935055732727,
  "CM": 0.7339758276939392,
  "IT": 0.6794668436050415,
  "NT": 0.6698848605155945,
  "nasal_tip": 0.3868645429611206,
  "nasal_skin": 0.27751466631889343
}