{
  "thalami": 0.8454842567443848,
  "midbrain": 0.7958884239196777,
  "IT": 0.7352593541145325,
  "CM": 0.2875348627567291,
  "nasal_skin": 0.3922652006149292,
  "nasal_tip": 0.3920878767967224,
  "NT": 0.29588764905929565
}