{
  "midbrain": 0.7719779014587402,
  "thalami": 0.3589230477809906,
  "IT": 0.7123045325279236,
  "CM": 0.6748371720314026,
  "NT": 0.5730049014091492,
  "nasal_skin": 0.36223655939102173,
  "nasal_tip": 0.30681803822517395
}