{
  "midbrain": 0.7385355830192566,
  "thalami": 0.7057693600654602,
  "IT": 0.6905884146690369,
  "nasal_tip": 0.3918224275112152,
  "CM": 0.3893526792526245,
  "NT": 0.29094743728637695
}