{
  "IT": 0.8157761096954346,
  "thalami": 0.27769121527671814,
  "midbrain": 0.7491196393966675,
  "CM": 0.25817635655403137
}