{
  "thalami": 0.6355628967285156,
  "IT": 0.6322848200798035,
  "midbrain": 0.4041703939437866,
  "CM": 0.39118310809135437,
  "NT": 0.3507455587387085
}