{
  "thalami": 0.781291663646698,
  "midbrain": 0.7201338410377502,
  "nasal_skin": 0.654146671295166,
  "IT": 0.5398430824279785,
  "CM": 0.3712466061115265
}