{
  "thalami": 0.5350075364112854,
  "CM": 0.6371161341667175,
  "midbrain": 0.6337398886680603,
  "IT": 0.6074828505516052,
  "nasal_tip": 0.48899826407432556,
  "nasal_skin": 0.29801511764526367
}