{
  "thalami": 0.8196758031845093,
  "midbrain": 0.7577287554740906,
  "nasal_skin": 0.6929458379745483,
  "nasal_tip": 0.5554085969924927,
  "IT": 0.29827356338500977
}