{
  "midbrain": 0.7065389752388,
  "thalami": 0.6526315212249756,
  "CM": 0.583534300327301,
  "IT": 0.3197087049484253,
  "nasal_tip": 0.36945438385009766
}