{
  "thalami": 0.7890337109565735,
  "midbrain": 0.6867870688438416,
  "IT": 0.63170325756073,
  "CM": 0.322772353887558,
  "NT": 0.3672716021537781,
  "nasal_skin": 0.34531286358833313
}