{
  "thalami": 0.8456584811210632,
  "IT": 0.8032290935516357,
  "midbrain": 0.679844081401825,
  "CM": 0.5250703692436218,
  "NT": 0.27394944429397583,
  "nasal_tip": 0.3741913437843323
}