{
  "midbrain": 0.7510931491851807,
  "IT": 0.7363373041152954,
  "thalami": 0.6787309050559998,
  "CM": 0.5473263263702393,
  "NT": 0.5246620178222656
}