{
  "thalami": 0.8259145021438599,
  "IT": 0.7587180733680725,
  "midbrain": 0.7283599972724915,
  "CM": 0.6716005802154541,
  "nasal_tip": 0.3517075777053833
}