{
  "thalami": 0.7957296967506409,
  "CM": 0.7163742780685425,
  "IT": 0.670449435710907,
  "midbrain": 0.6618251204490662,
  "NT": 0.43285033106803894
}