{
  "midbrain": 0.8380500078201294,
  "thalami": 0.8110286593437195,
  "IT": 0.7249913811683655,
  "CM": 0.7185664772987366,
  "nasal_tip": 0.6716148853302002,
  "NT": 0.5575213432312012,
  "nasal_skin": 0.5169846415519714
}