{
  "thalami": 0.8308775424957275,
  "midbrain": 0.8248101472854614,
  "IT": 0.6462762355804443,
  "nasal_tip": 0.514577329158783,
  "CM": 0.49366939067840576,
  "nasal_skin": 0.38703444600105286
}