{
  "IT": 0.754000186920166,
  "thalami": 0.6564679741859436,
  "CM": 0.524048388004303,
  "nasal_tip": 0.30773842334747314,
  "NT": 0.41947680711746216,
  "midbrain": 0.34031206369400024
}