{
  "thalami": 0.875374436378479,
  "midbrain": 0.7557079792022705,
  "nasal_skin": 0.5759618282318115,
  "IT": 0.5735132694244385,
  "nasal_tip": 0.3357546329498291,
  "NT": 0.28250083327293396
}