{
  "midbrain": 0.8507370948791504,
  "thalami": 0.7881872653961182,
  "CM": 0.5992185473442078,
  "IT": 0.5679967999458313,
  "NT": 0.40890243649482727,
  "nasal_tip": 0.30601075291633606,
  "nasal_skin": 0.25599774718284607
}