{
  "nasal_skin": 0.7718346118927002,
  "midbrain": 0.7195982336997986,
  "thalami": 0.7011980414390564,
  "IT": 0.6395729184150696,
  "nasal_tip": 0.5809323787689209,
  "CM": 0.5663171410560608,
  "NT": 0.30323338508605957
}