{
  "thalami": 0.8034218549728394,
  "midbrain": 0.7979269027709961,
  "CM": 0.7839416265487671,
  "IT": 0.6931477189064026,
  "NT": 0.6552690267562866
}