{
  "thalami": 0.8026326298713684,
  "midbrain": 0.7505785226821899,
  "nasal_skin": 0.6783573031425476,
  "IT": 0.6534077525138855,
  "CM": 0.6243224143981934,
  "nasal_tip": 0.39787331223487854,
  "NT": 0.3778051733970642
}