{
  "thalami": 0.8046794533729553,
  "midbrain": 0.7439329028129578,
  "IT": 0.6600219011306763,
  "NT": 0.4071790277957916
}