{
  "midbrain": 0.7822647094726562,
  "thalami": 0.6931180953979492,
  "CM": 0.6156541705131531,
  "NT": 0.6138654947280884,
  "IT": 0.6110345721244812
}