{
  "midbrain": 0.7738850712776184,
  "thalami": 0.7608416080474854,
  "IT": 0.7524844408035278,
  "CM": 0.6663456559181213,
  "nasal_tip": 0.41253843903541565,
  "nasal_skin": 0.25726836919784546
}