{
  "thalami": 0.8796847462654114,
  "midbrain": 0.7756639122962952,
  "IT": 0.7206454277038574,
  "nasal_tip": 0.547799825668335,
  "nasal_skin": 0.39428022503852844,
  "CM": 0.29442334175109863
}