{
  "thalami": 0.7687398195266724,
  "IT": 0.6833160519599915,
  "midbrain": 0.6817572116851807,
  "nasal_tip": 0.49020153284072876,
  "NT": 0.4730488359928131,
  "CM": 0.3530880808830261
}