{
  "midbrain": 0.8030011057853699,
  "thalami": 0.7248202562332153,
  "CM": 0.6553323268890381,
  "IT": 0.2680996060371399,
  "nasal_tip": 0.4816764295101166,
  "NT": 0.44839218258857727
}