{
  "thalami": 0.728276789188385,
  "IT": 0.5608429908752441,
  "nasal_tip": 0.45111894607543945,
  "midbrain": 0.36629781126976013,
  "nasal_skin": 0.36035117506980896,
  "CM": 0.31786054372787476
}