{
  "thalami": 0.6078018546104431,
  "NT": 0.4276404082775116,
  "IT": 0.4066309332847595,
  "midbrain": 0.3807264268398285
}