{
  "thalami": 0.8375002145767212,
  "midbrain": 0.7819473743438721,
  "CM": 0.7464499473571777,
  "IT": 0.6899539232254028,
  "nasal_tip": 0.5318552851676941,
  "nasal_skin": 0.2818375825881958
}