{
  "thalami": 0.774911105632782,
  "midbrain": 0.7551883459091187,
  "IT": 0.713742733001709,
  "nasal_tip": 0.43220028281211853,
  "CM": 0.3171306550502777,
  "NT": 0.2941606044769287
}