{
  "thalami": 0.8387510180473328,
  "midbrain": 0.7756708264350891,
  "IT": 0.6441184282302856,
  "NT": 0.34833571314811707,
  "CM": 0.2656290829181671
}