{
  "CM": 0.8053040504455566,
  "thalami": 0.7609783411026001,
  "midbrain": 0.715299129486084,
  "IT": 0.655638575553894,
  "nasal_tip": 0.5183254480361938,
  "nasal_skin": 0.46677345037460327,
  "NT": 0.4321269392967224
}