{
  "thalami": 0.8795227408409119,
  "midbrain": 0.7642719149589539,
  "IT": 0.7548224925994873,
  "CM": 0.27659642696380615,
  "nasal_tip": 0.39438796043395996,
  "NT": 0.2552298903465271
}