{
  "thalami": 0.8744931817054749,
  "midbrain": 0.7732157111167908,
  "IT": 0.7636115550994873,
  "CM": 0.6975857615470886,
  "NT": 0.5188140273094177,
  "nasal_tip": 0.2922495901584625
}