{
  "thalami": 0.7904856204986572,
  "midbrain": 0.7818475365638733,
  "IT": 0.7266234159469604,
  "CM": 0.620684027671814,
  "NT": 0.27204373478889465
}