{
  "IT": 0.7907084226608276,
  "midbrain": 0.7055009603500366,
  "NT": 0.6831498146057129,
  "CM": 0.6649413704872131,
  "thalami": 0.5087464451789856,
  "nasal_tip": 0.44993162155151367
}