{
  "CM": 0.7430047392845154,
  "IT": 0.6893944144248962,
  "thalami": 0.6643344759941101,
  "midbrain": 0.60273677110672,
  "nasal_tip": 0.4441244304180145
}