{
  "IT": 0.8246235251426697,
  "midbrain": 0.7231153249740601,
  "thalami": 0.6857094168663025,
  "nasal_tip": 0.5911672115325928,
  "CM": 0.27736419439315796
}