{
  "thalami": 0.8674345016479492,
  "midbrain": 0.7599455714225769,
  "CM": 0.7190600633621216,
  "IT": 0.6688003540039062,
  "nasal_tip": 0.5328977704048157,
  "NT": 0.4645308554172516
}