{
  "thalami": 0.7667017579078674,
  "CM": 0.7258238196372986,
  "midbrain": 0.7032573819160461,
  "IT": 0.7002301812171936,
  "nasal_tip": 0.6463161110877991,
  "nasal_skin": 0.3848516345024109,
  "NT": 0.3122391998767853
}