{
  "nasal_tip": 0.42336952686309814,
  "thalami": 0.2891996502876282,
  "NT": 0.2892360985279083,
  "midbrain": 0.25829949975013733
}