{
  "thalami": 0.8588058948516846,
  "midbrain": 0.850083589553833,
  "IT": 0.7039896249771118,
  "nasal_skin": 0.5830625891685486,
  "nasal_tip": 0.30833932757377625,
  "NT": 0.4681823253631592,
  "CM": 0.3768121302127838
}