{
  "midbrain": 0.7032670974731445,
  "thalami": 0.6951854825019836,
  "IT": 0.6693791747093201,
  "CM": 0.35919904708862305,
  "nasal_tip": 0.34013986587524414,
  "NT": 0.2521655857563019
}