{
  "thalami": 0.8338525891304016,
  "IT": 0.7310396432876587,
  "midbrain": 0.6448618173599243,
  "CM": 0.6321896910667419,
  "nasal_tip": 0.6027706265449524,
  "NT": 0.5604232549667358,
  "nasal_skin": 0.4588817059993744
}