{
  "thalami": 0.6257059574127197,
  "NT": 0.5998364090919495,
  "IT": 0.5068100094795227,
  "CM": 0.4333485960960388,
  "nasal_tip": 0.4274725615978241,
  "midbrain": 0.41094279289245605
}