{
  "midbrain": 0.6948012113571167,
  "thalami": 0.6160921454429626,
  "IT": 0.5290493369102478,
  "CM": 0.32761871814727783
}