{
  "thalami": 0.8783144950866699,
  "midbrain": 0.7441642880439758,
  "nasal_skin": 0.4167500436306,
  "nasal_tip": 0.5885818004608154,
  "IT": 0.5418468713760376,
  "CM": 0.49357521533966064,
  "NT": 0.4544292688369751
}