{
  "thalami": 0.7065737843513489,
  "midbrain": 0.6747488379478455,
  "IT": 0.5780600309371948,
  "NT": 0.3353734016418457,
  "nasal_tip": 0.33363020420074463,
  "CM": 0.3011849820613861
}