{
  "midbrain": 0.8063985705375671,
  "thalami": 0.8047603964805603,
  "IT": 0.6712353229522705,
  "CM": 0.49979159235954285,
  "nasal_tip": 0.4306020736694336,
  "NT": 0.26528653502464294
}