{
  "midbrain": 0.8166259527206421,
  "thalami": 0.7808935046195984,
  "IT": 0.7638074159622192,
  "CM": 0.7580681443214417,
  "NT": 0.2590407729148865
}