{
  "thalami": 0.8305511474609375,
  "midbrain": 0.7119289040565491,
  "CM": 0.5917863845825195,
  "NT": 0.5906078815460205,
  "nasal_tip": 0.574066698551178,
  "IT": 0.4972348213195801
}