{
  "thalami": 0.7142097353935242,
  "IT": 0.712142288684845,
  "midbrain": 0.64527428150177,
  "nasal_skin": 0.637240469455719,
  "nasal_tip": 0.5591638088226318,
  "CM": 0.36429640650749207
}