{
  "thalami": 0.8405912518501282,
  "midbrain": 0.7967488765716553,
  "IT": 0.791908323764801,
  "CM": 0.5682021975517273,
  "NT": 0.3942517340183258,
  "nasal_tip": 0.31962552666664124
}