{
  "thalami": 0.7948018908500671,
  "IT": 0.43523260951042175,
  "midbrain": 0.2941514849662781,
  "CM": 0.2602958083152771
}