{
  "midbrain": 0.624478280544281,
  "thalami": 0.5932623147964478,
  "IT": 0.41991692781448364,
  "CM": 0.3053286671638489,
  "NT": 0.27917560935020447
}