{
  "thalami": 0.8138009309768677,
  "IT": 0.7780870199203491,
  "midbrain": 0.7260659337043762,
  "nasal_tip": 0.5499281287193298,
  "nasal_skin": 0.370856910943985,
  "NT": 0.4534790515899658,
  "CM": 0.29515352845191956
}