{
  "nasal_tip": 0.4680822491645813,
  "thalami": 0.4001705050468445,
  "IT": 0.3214167058467865,
  "midbrain": 0.3564814329147339
}