{
  "thalami": 0.8592063784599304,
  "IT": 0.784956157207489,
  "midbrain": 0.7654668688774109,
  "nasal_skin": 0.2508651316165924,
  "nasal_tip": 0.456923246383667,
  "CM": 0.3625756800174713,
  "NT": 0.3364132344722748
}