{
  "CM": 0.7957230806350708,
  "IT": 0.7933789491653442,
  "thalami": 0.777985692024231,
  "nasal_tip": 0.5282389521598816,
  "NT": 0.527406632900238,
  "midbrain": 0.5114306211471558
}