{
  "midbrain": 0.7268114686012268,
  "thalami": 0.7043605446815491,
  "IT": 0.6370420455932617,
  "NT": 0.6338054537773132,
  "CM": 0.5974989533424377
}