{
  "thalami": 0.8325403332710266,
  "midbrain": 0.7820718884468079,
  "IT": 0.39238524436950684,
  "CM": 0.5355719327926636,
  "NT": 0.4975876808166504,
  "nasal_tip": 0.32203254103660583
}