{
  "midbrain": 0.8239917755126953,
  "thalami": 0.816955029964447,
  "IT": 0.7003867626190186,
  "NT": 0.5032335519790649,
  "nasal_tip": 0.3615820109844208,
  "CM": 0.2770892083644867
}