{
  "thalami": 0.7985175848007202,
  "CM": 0.7609295845031738,
  "IT": 0.6975390911102295,
  "midbrain": 0.6240436434745789,
  "NT": 0.5553762316703796,
  "nasal_skin": 0.52952641248703,
  "nasal_tip": 0.4761516749858856
}