{
  "thalami": 0.7435877323150635,
  "midbrain": 0.6282163262367249,
  "CM": 0.43569397926330566,
  "IT": 0.41614726185798645
}