{
  "midbrain": 0.7751129269599915,
  "thalami": 0.2896573841571808,
  "IT": 0.3916158676147461,
  "nasal_tip": 0.2583146393299103
}