{
  "midbrain": 0.8135639429092407,
  "IT": 0.7823396325111389,
  "thalami": 0.6791397929191589,
  "CM": 0.6200302243232727
}