{
  "thalami": 0.797231137752533,
  "IT": 0.7867393493652344,
  "midbrain": 0.7663599252700806,
  "CM": 0.40636590123176575,
  "NT": 0.2584206461906433
}