{
  "thalami": 0.8074068427085876,
  "nasal_tip": 0.5691500306129456,
  "midbrain": 0.5306293964385986,
  "IT": 0.44423535466194153,
  "CM": 0.425263911485672
}