{
  "midbrain": 0.7833556532859802,
  "thalami": 0.7661653757095337,
  "CM": 0.7096210718154907,
  "IT": 0.6602802276611328,
  "NT": 0.562826931476593
}