{
  "thalami": 0.7235078811645508,
  "midbrain": 0.597118616104126,
  "NT": 0.578436553478241,
  "IT": 0.567801296710968,
  "CM": 0.3613918125629425,
  "nasal_tip": 0.3606293201446533
}