{
  "midbrain": 0.6443018913269043,
  "thalami": 0.6128988265991211,
  "IT": 0.25843214988708496,
  "nasal_tip": 0.35473862290382385,
  "NT": 0.3056245744228363
}