{
  "thalami": 0.7771850824356079,
  "nasal_skin": 0.44104328751564026,
  "midbrain": 0.5670477747917175,
  "nasal_tip": 0.3392948508262634,
  "IT": 0.2513333559036255
}