{
  "midbrain": 0.7660043835639954,
  "IT": 0.7369504570960999,
  "thalami": 0.6895167827606201,
  "CM": 0.6237256526947021,
  "NT": 0.5972073674201965
}