{
  "midbrain": 0.8375510573387146,
  "IT": 0.7763754725456238,
  "thalami": 0.7543727159500122,
  "nasal_tip": 0.7098178863525391,
  "nasal_skin": 0.6693093180656433,
  "CM": 0.6456454396247864,
  "NT": 0.5949826836585999
}