{
  "thalami": 0.689683735370636,
  "NT": 0.5825905203819275,
  "IT": 0.46889445185661316,
  "nasal_tip": 0.4157163202762604
}