{
  "thalami": 0.8228369355201721,
  "midbrain": 0.8045835494995117,
  "IT": 0.6321749091148376,
  "nasal_tip": 0.527743399143219,
  "CM": 0.5198974609375,
  "nasal_skin": 0.43992167711257935,
  "NT": 0.35730642080307007
}