{
  "thalami": 0.8532629609107971,
  "midbrain": 0.7673044204711914,
  "IT": 0.7375625967979431,
  "CM": 0.6815162897109985,
  "NT": 0.30859634280204773,
  "nasal_tip": 0.37436041235923767
}