{
  "thalami": 0.8086162805557251,
  "IT": 0.7888157367706299,
  "midbrain": 0.6959914565086365,
  "CM": 0.3189208507537842,
  "nasal_tip": 0.28201693296432495
}