{
  "midbrain": 0.7432951927185059,
  "thalami": 0.6798335313796997,
  "IT": 0.5060157179832458,
  "NT": 0.39711764454841614,
  "CM": 0.3471570312976837,
  "nasal_tip": 0.2642304003238678
}