{
  "midbrain": 0.719548761844635,
  "IT": 0.3057940900325775,
  "thalami": 0.6360518336296082,
  "CM": 0.5825921297073364,
  "NT": 0.5311335325241089,
  "nasal_tip": 0.48583173751831055
}