{
  "thalami": 0.7520420551300049,
  "IT": 0.6875669360160828,
  "CM": 0.5820860266685486,
  "midbrain": 0.5583615899085999,
  "NT": 0.41351115703582764,
  "nasal_tip": 0.34963831305503845
}