{
  "thalami": 0.8411917686462402,
  "midbrain": 0.728198766708374,
  "IT": 0.7057816386222839,
  "CM": 0.6498466730117798,
  "nasal_tip": 0.4979681968688965,
  "NT": 0.38769394159317017
}