{
  "midbrain": 0.7857745289802551,
  "thalami": 0.7619198560714722,
  "IT": 0.7020537257194519,
  "CM": 0.2843058109283447,
  "NT": 0.4337739050388336
}