{
  "thalami": 0.7882904410362244,
  "NT": 0.7245736718177795,
  "IT": 0.7020279765129089,
  "CM": 0.6654776334762573,
  "midbrain": 0.5212236642837524,
  "nasal_tip": 0.3278036117553711
}