{
  "thalami": 0.8173028230667114,
  "midbrain": 0.7729873657226562,
  "IT": 0.7077748775482178,
  "CM": 0.6678444743156433,
  "nasal_tip": 0.503246009349823,
  "NT": 0.45494890213012695
}