{
  "thalami": 0.8125251531600952,
  "CM": 0.6767880320549011,
  "NT": 0.5124736428260803,
  "midbrain": 0.2683490216732025,
  "IT": 0.3228204846382141,
  "nasal_tip": 0.2581630349159241
}