{
  "midbrain": 0.7874417304992676,
  "IT": 0.7676486968994141,
  "thalami": 0.7547963857650757,
  "CM": 0.45618927478790283,
  "NT": 0.336256206035614,
  "nasal_tip": 0.3167511820793152
}