{
  "midbrain": 0.782162606716156,
  "IT": 0.29772570729255676,
  "thalami": 0.7425593733787537,
  "CM": 0.6622155904769897,
  "nasal_tip": 0.3621039092540741
}