{
  "thalami": 0.8188895583152771,
  "IT": 0.7942978143692017,
  "midbrain": 0.7471690773963928,
  "CM": 0.7323718667030334,
  "NT": 0.25698530673980713,
  "nasal_tip": 0.3069995939731598,
  "nasal_skin": 0.30620139837265015
}