{
  "thalami": 0.8554610013961792,
  "midbrain": 0.8061819076538086,
  "IT": 0.7990276217460632,
  "CM": 0.6773871183395386,
  "NT": 0.6133870482444763,
  "nasal_tip": 0.5709951519966125,
  "nasal_skin": 0.40591296553611755
}