{
  "thalami": 0.8536261320114136,
  "midbrain": 0.7677578926086426,
  "nasal_skin": 0.704265832901001,
  "IT": 0.6395313739776611,
  "CM": 0.3211330771446228
}