{
  "thalami": 0.8081589937210083,
  "midbrain": 0.7866329550743103,
  "CM": 0.6803551912307739,
  "IT": 0.6714833378791809,
  "nasal_tip": 0.41933998465538025,
  "NT": 0.37558713555336,
  "nasal_skin": 0.33957499265670776
}