{
  "midbrain": 0.696880578994751,
  "thalami": 0.6575023531913757,
  "IT": 0.513703465461731,
  "nasal_tip": 0.4001128673553467,
  "CM": 0.36773446202278137,
  "NT": 0.30333149433135986
}