{
  "thalami": 0.8380399942398071,
  "nasal_skin": 0.7412130832672119,
  "midbrain": 0.7295820713043213,
  "IT": 0.6624380350112915,
  "nasal_tip": 0.6142774224281311,
  "CM": 0.5581414699554443,
  "NT": 0.38905417919158936
}