{
  "thalami": 0.8025338053703308,
  "IT": 0.8019812703132629,
  "CM": 0.3624412417411804,
  "midbrain": 0.5734782218933105,
  "NT": 0.4664798378944397
}