{
  "midbrain": 0.8086004853248596,
  "thalami": 0.8000961542129517,
  "IT": 0.7287134528160095,
  "CM": 0.4917159974575043,
  "NT": 0.3191777467727661,
  "nasal_tip": 0.25223076343536377
}