{
  "thalami": 0.8166676759719849,
  "midbrain": 0.7505872249603271,
  "nasal_skin": 0.7361031770706177,
  "IT": 0.6168632507324219,
  "nasal_tip": 0.47831204533576965,
  "CM": 0.4437110722064972
}