{
  "midbrain": 0.7738296985626221,
  "IT": 0.7711111307144165,
  "thalami": 0.7507226467132568,
  "nasal_tip": 0.5848103165626526,
  "CM": 0.5686008334159851,
  "nasal_skin": 0.4653765559196472,
  "NT": 0.3233509957790375
}