{
  "thalami": 0.7775834798812866,
  "IT": 0.5756217837333679,
  "NT": 0.4547047019004822,
  "midbrain": 0.42337921261787415,
  "nasal_tip": 0.39249441027641296,
  "nasal_skin": 0.31038281321525574
}