{
  "thalami": 0.7609772682189941,
  "midbrain": 0.7312411665916443,
  "IT": 0.6586281061172485,
  "CM": 0.38238558173179626
}