{
  "midbrain": 0.7902623414993286,
  "thalami": 0.7889052629470825,
  "IT": 0.6579352021217346,
  "CM": 0.5037526488304138,
  "nasal_tip": 0.30241140723228455
}