{
  "midbrain": 0.7825191617012024,
  "thalami": 0.7803605794906616,
  "IT": 0.7660776972770691,
  "NT": 0.523911714553833,
  "nasal_tip": 0.45038625597953796,
  "CM": 0.299511194229126
}