{
  "midbrain": 0.8051080703735352,
  "IT": 0.7416383624076843,
  "thalami": 0.6780884861946106
}