{
  "thalami": 0.7453780770301819,
  "midbrain": 0.6788442730903625,
  "NT": 0.5817045569419861,
  "IT": 0.4564216434955597
}