{
  "thalami": 0.7897516489028931,
  "IT": 0.6804853677749634,
  "NT": 0.5958178043365479,
  "midbrain": 0.5527422428131104,
  "CM": 0.43300342559814453,
  "nasal_skin": 0.3002794682979584,
  "nasal_tip": 0.36670824885368347
}