{
  "thalami": 0.8294115662574768,
  "IT": 0.8105039596557617,
  "midbrain": 0.747898519039154,
  "NT": 0.4991626441478729,
  "CM": 0.32737863063812256,
  "nasal_tip": 0.3608866333961487
}