{
  "thalami": 0.8341969847679138,
  "IT": 0.45420023798942566,
  "midbrain": 0.4741358160972595,
  "nasal_tip": 0.30435213446617126
}