{
  "IT": 0.4353465437889099,
  "thalami": 0.5928707718849182,
  "midbrain": 0.4543059170246124,
  "CM": 0.42016831040382385,
  "nasal_tip": 0.2987062931060791
}