{
  "thalami": 0.6488836407661438,
  "IT": 0.6002768874168396,
  "midbrain": 0.5970898866653442,
  "CM": 0.31251198053359985,
  "NT": 0.3099786639213562,
  "nasal_tip": 0.2894846796989441
}