{
  "thalami": 0.7953152060508728,
  "midbrain": 0.7698811888694763,
  "nasal_tip": 0.6527500152587891,
  "IT": 0.5368452668190002,
  "CM": 0.27609696984291077,
  "NT": 0.4344620108604431
}