{
  "thalami": 0.7067285776138306,
  "nasal_tip": 0.6117960810661316,
  "CM": 0.5748896598815918,
  "IT": 0.33819878101348877,
  "midbrain": 0.4061053395271301,
  "NT": 0.3827948570251465
}