{
  "thalami": 0.8315677046775818,
  "IT": 0.7697100639343262,
  "midbrain": 0.6967693567276001,
  "CM": 0.5308365225791931,
  "NT": 0.49776318669319153,
  "nasal_skin": 0.32940858602523804
}