{
  "midbrain": 0.7304091453552246,
  "thalami": 0.7068513035774231,
  "CM": 0.2752023935317993,
  "nasal_tip": 0.4443954825401306,
  "IT": 0.2809480130672455
}