{
  "thalami": 0.7635217905044556,
  "NT": 0.6717731952667236,
  "midbrain": 0.6316813230514526,
  "nasal_skin": 0.6202638149261475,
  "IT": 0.5620638132095337,
  "CM": 0.4581306278705597,
  "nasal_tip": 0.3903641998767853
}