{
  "thalami": 0.7554420232772827,
  "IT": 0.6340005993843079,
  "midbrain": 0.633080244064331,
  "CM": 0.4195757508277893,
  "nasal_tip": 0.3108457624912262
}