{
  "IT": 0.7852320671081543,
  "midbrain": 0.7725018262863159,
  "thalami": 0.7283888459205627,
  "CM": 0.5635043978691101,
  "NT": 0.3132559359073639
}