{
  "thalami": 0.6415079236030579,
  "IT": 0.6055286526679993,
  "midbrain": 0.568267285823822
}