{
  "thalami": 0.7541137337684631,
  "midbrain": 0.7281022071838379,
  "CM": 0.7250555157661438,
  "IT": 0.5454344749450684,
  "NT": 0.2811259627342224
}