{
  "thalami": 0.8404414057731628,
  "midbrain": 0.7173414826393127,
  "IT": 0.6942012906074524,
  "CM": 0.5891467928886414,
  "NT": 0.3862885534763336
}