{
  "IT": 0.4575975239276886,
  "thalami": 0.7118892073631287,
  "midbrain": 0.2526717782020569,
  "nasal_tip": 0.5606111884117126,
  "CM": 0.39285922050476074
}