{
  "thalami": 0.7909905910491943,
  "CM": 0.6531804800033569,
  "NT": 0.2764051854610443,
  "midbrain": 0.5844965577125549,
  "nasal_skin": 0.5815697312355042,
  "nasal_tip": 0.5419931411743164,
  "IT": 0.3900269567966461
}