{
  "IT": 0.6826753616333008,
  "thalami": 0.6586877107620239,
  "midbrain": 0.6490858793258667,
  "CM": 0.3152497112751007,
  "NT": 0.4345599412918091,
  "nasal_tip": 0.3185511827468872
}