{
  "thalami": 0.7492793798446655,
  "midbrain": 0.6788290739059448,
  "IT": 0.6158042550086975,
  "CM": 0.5138211846351624
}