{
  "thalami": 0.8547053933143616,
  "midbrain": 0.7042064070701599,
  "CM": 0.676941990852356,
  "IT": 0.29923215508461,
  "nasal_skin": 0.4331066906452179,
  "NT": 0.39635974168777466
}