{
  "IT": 0.7586403489112854,
  "thalami": 0.5951215028762817,
  "NT": 0.4458792805671692,
  "CM": 0.42999380826950073,
  "midbrain": 0.3768371641635895
}