{
  "midbrain": 0.8252547979354858,
  "thalami": 0.7907252311706543,
  "IT": 0.646396815776825,
  "NT": 0.5528648495674133,
  "nasal_tip": 0.3448604643344879,
  "CM": 0.2720719575881958
}