{
  "thalami": 0.8577436804771423,
  "midbrain": 0.6922654509544373,
  "CM": 0.633951723575592,
  "IT": 0.5630143284797668,
  "nasal_tip": 0.43590453267097473,
  "NT": 0.36609184741973877,
  "nasal_skin": 0.2962711453437805
}