{
  "thalami": 0.8355019688606262,
  "IT": 0.7560386061668396,
  "midbrain": 0.7148768901824951,
  "CM": 0.6341438293457031,
  "nasal_tip": 0.3327394723892212,
  "NT": 0.4804779589176178,
  "nasal_skin": 0.3246864974498749
}