{
  "midbrain": 0.7780392169952393,
  "thalami": 0.7142595052719116,
  "IT": 0.5500189661979675,
  "nasal_tip": 0.5288351774215698,
  "CM": 0.3948684334754944,
  "NT": 0.3716237545013428
}