{
  "midbrain": 0.7102168798446655,
  "IT": 0.3446364402770996,
  "thalami": 0.6215177774429321,
  "nasal_tip": 0.39288994669914246
}