{
  "thalami": 0.7901152968406677,
  "IT": 0.34963640570640564,
  "midbrain": 0.7022455334663391,
  "NT": 0.5151679515838623,
  "nasal_tip": 0.43361982703208923,
  "CM": 0.28204649686813354
}