{
  "thalami": 0.7908379435539246,
  "CM": 0.6058204770088196,
  "IT": 0.2929641902446747,
  "NT": 0.4981878101825714,
  "midbrain": 0.42348596453666687
}