{
  "thalami": 0.8355132937431335,
  "midbrain": 0.6563587188720703,
  "IT": 0.5447171926498413,
  "nasal_skin": 0.44916608929634094,
  "CM": 0.3759176433086395,
  "NT": 0.314711332321167
}