{
  "thalami": 0.7868342399597168,
  "midbrain": 0.7680670619010925,
  "nasal_tip": 0.67844158411026,
  "IT": 0.5443368554115295,
  "CM": 0.41009026765823364,
  "nasal_skin": 0.3490636944770813,
  "NT": 0.2986941933631897
}