{
  "CM": 0.7787498831748962,
  "IT": 0.7702553868293762,
  "thalami": 0.754658043384552,
  "midbrain": 0.7533295154571533,
  "nasal_tip": 0.41274532675743103,
  "NT": 0.3612087368965149
}