{
  "thalami": 0.875569760799408,
  "midbrain": 0.7873815298080444,
  "IT": 0.741715133190155,
  "CM": 0.5446961522102356,
  "nasal_tip": 0.529801070690155,
  "NT": 0.5137519836425781,
  "nasal_skin": 0.5082899928092957
}