{
  "midbrain": 0.8008608818054199,
  "IT": 0.7073189616203308,
  "thalami": 0.7040119171142578,
  "nasal_tip": 0.47547048330307007,
  "NT": 0.2991812825202942,
  "CM": 0.2979812026023865
}