{
  "midbrain": 0.8347986936569214,
  "thalami": 0.783069372177124,
  "nasal_tip": 0.6244776248931885,
  "nasal_skin": 0.5618306994438171,
  "IT": 0.4445720613002777,
  "CM": 0.3481915593147278
}