{
  "thalami": 0.7708817720413208,
  "midbrain": 0.7502240538597107,
  "CM": 0.714749813079834,
  "IT": 0.47839847207069397,
  "NT": 0.45798325538635254,
  "nasal_tip": 0.3453510105609894
}