{
  "thalami": 0.30064278841018677,
  "midbrain": 0.655961275100708,
  "IT": 0.6547324061393738,
  "nasal_tip": 0.5786746740341187,
  "nasal_skin": 0.5692905783653259,
  "CM": 0.25187695026397705,
  "NT": 0.3223361670970917
}