{
  "nasal_skin": 0.919560432434082,
  "IT": 0.791630744934082,
  "thalami": 0.7699209451675415,
  "midbrain": 0.7215682864189148,
  "nasal_tip": 0.707680344581604,
  "CM": 0.4825093150138855
}