{
  "midbrain": 0.7054651379585266,
  "CM": 0.7004735469818115,
  "thalami": 0.6891019344329834,
  "IT": 0.4608762562274933,
  "nasal_tip": 0.5090240836143494
}