{
  "thalami": 0.6006461977958679,
  "midbrain": 0.5721074938774109,
  "nasal_tip": 0.42019549012184143,
  "IT": 0.3906830847263336,
  "NT": 0.3444975018501282
}