{
  "midbrain": 0.7949928045272827,
  "IT": 0.7141042351722717,
  "CM": 0.6863991618156433,
  "thalami": 0.6608133316040039,
  "NT": 0.392449289560318
}