{
  "thalami": 0.8070777058601379,
  "midbrain": 0.7806461453437805,
  "CM": 0.6933426260948181,
  "IT": 0.40145498514175415,
  "NT": 0.47301995754241943,
  "nasal_tip": 0.42751434445381165
}