{
  "thalami": 0.8777822852134705,
  "midbrain": 0.8080448508262634,
  "IT": 0.7034384608268738,
  "nasal_tip": 0.5691278576850891,
  "CM": 0.5489965677261353,
  "NT": 0.5109771490097046
}