{
  "IT": 0.7087284922599792,
  "CM": 0.5749796032905579,
  "midbrain": 0.548068106174469,
  "nasal_skin": 0.5243437886238098,
  "NT": 0.4832165241241455,
  "thalami": 0.4390358030796051,
  "nasal_tip": 0.30566757917404175
}