{
  "thalami": 0.7408723831176758,
  "CM": 0.6602359414100647,
  "midbrain": 0.6070176959037781,
  "nasal_tip": 0.5889002084732056,
  "IT": 0.5840691328048706,
  "NT": 0.4340442419052124,
  "nasal_skin": 0.2839052677154541
}