{
  "thalami": 0.8327020406723022,
  "IT": 0.7523440718650818,
  "midbrain": 0.7456104159355164,
  "CM": 0.6513832211494446,
  "nasal_tip": 0.4826796352863312,
  "NT": 0.48183926939964294
}