{
  "thalami": 0.8030831813812256,
  "midbrain": 0.5671389102935791,
  "NT": 0.2659386396408081,
  "IT": 0.2823190689086914,
  "nasal_tip": 0.3522610068321228
}