{
  "thalami": 0.6941217184066772,
  "midbrain": 0.6295377612113953,
  "IT": 0.5569839477539062,
  "nasal_tip": 0.43976330757141113,
  "NT": 0.41731876134872437
}