{
  "thalami": 0.807198703289032,
  "midbrain": 0.6502552032470703,
  "CM": 0.5812749862670898,
  "IT": 0.4882183074951172,
  "NT": 0.3108330965042114
}