{
  "thalami": 0.8208924531936646,
  "CM": 0.7075130343437195,
  "nasal_skin": 0.6850376129150391,
  "midbrain": 0.6533584594726562,
  "nasal_tip": 0.528164803981781,
  "IT": 0.29810190200805664
}