{
  "midbrain": 0.8050034642219543,
  "IT": 0.7935970425605774,
  "thalami": 0.7758482098579407,
  "CM": 0.5554724335670471
}