{
  "thalami": 0.8091456294059753,
  "midbrain": 0.7913523316383362,
  "nasal_tip": 0.3634970784187317,
  "IT": 0.7138077616691589,
  "CM": 0.6266098618507385,
  "NT": 0.5127111673355103,
  "nasal_skin": 0.38403552770614624
}