{
  "thalami": 0.8903149366378784,
  "midbrain": 0.7776869535446167,
  "IT": 0.6914168000221252,
  "nasal_tip": 0.27071812748908997,
  "CM": 0.25553539395332336
}