{
  "midbrain": 0.7712444067001343,
  "IT": 0.7686045169830322,
  "thalami": 0.7325621247291565,
  "CM": 0.6482986807823181,
  "NT": 0.5503074526786804,
  "nasal_tip": 0.37797197699546814
}