{
  "thalami": 0.8626765608787537,
  "midbrain": 0.7034151554107666,
  "IT": 0.46654391288757324,
  "CM": 0.40915071964263916,
  "NT": 0.2885531485080719
}