{
  "midbrain": 0.7618415951728821,
  "IT": 0.7299196124076843,
  "thalami": 0.7135766744613647,
  "CM": 0.6278224587440491,
  "nasal_tip": 0.5155336856842041
}