{
  "IT": 0.7358610033988953,
  "thalami": 0.4666333496570587,
  "midbrain": 0.399925172328949,
  "nasal_tip": 0.3979432284832001,
  "NT": 0.2855256199836731
}