{
  "thalami": 0.8102492690086365,
  "midbrain": 0.7107929587364197,
  "IT": 0.6478079557418823,
  "CM": 0.6295348405838013,
  "NT": 0.5612297654151917,
  "nasal_tip": 0.3440335690975189
}