{
  "IT": 0.8151613473892212,
  "midbrain": 0.7293462753295898,
  "thalami": 0.7271891236305237,
  "CM": 0.3454594910144806,
  "NT": 0.33132442831993103,
  "nasal_tip": 0.3312661051750183
}