{
  "midbrain": 0.6424245834350586,
  "IT": 0.4101622402667999,
  "CM": 0.5854236483573914,
  "thalami": 0.5187223553657532
}