{
  "IT": 0.6755515933036804,
  "CM": 0.5883247256278992,
  "thalami": 0.4899653196334839,
  "midbrain": 0.4364888072013855,
  "NT": 0.3912334144115448
}