{
  "thalami": 0.8611558079719543,
  "midbrain": 0.8493887782096863,
  "IT": 0.6924319863319397,
  "nasal_skin": 0.5733807682991028,
  "CM": 0.47296181321144104,
  "NT": 0.5059368014335632,
  "nasal_tip": 0.4749848246574402
}