{
  "thalami": 0.7697361707687378,
  "IT": 0.758894681930542,
  "midbrain": 0.6871283054351807,
  "NT": 0.6068763136863708,
  "CM": 0.5550379157066345,
  "nasal_tip": 0.3394308388233185,
  "nasal_skin": 0.26410362124443054
}