{
  "thalami": 0.8043165802955627,
  "IT": 0.6951545476913452,
  "midbrain": 0.6720407009124756,
  "nasal_skin": 0.5193461179733276,
  "nasal_tip": 0.4984569549560547,
  "CM": 0.3704622685909271
}