{
  "thalami": 0.7615876793861389,
  "IT": 0.69740891456604,
  "midbrain": 0.6894481182098389,
  "CM": 0.563619077205658,
  "nasal_tip": 0.40120360255241394
}