{
  "midbrain": 0.7556982636451721,
  "thalami": 0.7410416603088379,
  "IT": 0.696255087852478,
  "CM": 0.6912757754325867
}