{
  "thalami": 0.6431772112846375,
  "IT": 0.5200971364974976,
  "nasal_skin": 0.40557655692100525,
  "CM": 0.34439823031425476,
  "nasal_tip": 0.2832333445549011
}