{
  "thalami": 0.7744971513748169,
  "midbrain": 0.6881868839263916,
  "IT": 0.602056086063385,
  "NT": 0.4605029225349426,
  "nasal_tip": 0.4213092625141144,
  "CM": 0.27709993720054626
}