{
  "midbrain": 0.7661829590797424,
  "thalami": 0.7365714311599731,
  "IT": 0.6460082530975342,
  "NT": 0.373786062002182,
  "nasal_tip": 0.28873535990715027,
  "CM": 0.27408868074417114
}