{
  "thalami": 0.7647818326950073,
  "midbrain": 0.7123571038246155,
  "NT": 0.578791618347168,
  "IT": 0.5181142687797546,
  "CM": 0.308754563331604
}