{
  "thalami": 0.8578892946243286,
  "midbrain": 0.7863171696662903,
  "IT": 0.43087777495384216,
  "CM": 0.51019287109375,
  "nasal_tip": 0.5080783367156982,
  "NT": 0.3543599545955658,
  "nasal_skin": 0.3017492890357971
}