{
  "thalami": 0.7471818923950195,
  "IT": 0.6219363212585449,
  "midbrain": 0.5925199389457703,
  "NT": 0.5150474309921265,
  "nasal_tip": 0.47373801469802856,
  "CM": 0.31259414553642273
}