{
  "CM": 0.8089542388916016,
  "thalami": 0.7271713614463806,
  "midbrain": 0.6688739061355591,
  "IT": 0.5232751965522766,
  "NT": 0.5194257497787476
}