{
  "midbrain": 0.7855276465415955,
  "thalami": 0.7420449256896973,
  "IT": 0.5237607955932617,
  "CM": 0.48095884919166565,
  "nasal_tip": 0.3365494906902313,
  "NT": 0.3359043002128601
}