{
  "thalami": 0.7877561450004578,
  "midbrain": 0.775414228439331,
  "IT": 0.6389217376708984,
  "nasal_tip": 0.5110183954238892,
  "NT": 0.5097851157188416,
  "CM": 0.4331221580505371,
  "nasal_skin": 0.37520352005958557
}