{
  "IT": 0.7370615005493164,
  "midbrain": 0.682654082775116,
  "thalami": 0.5504245162010193,
  "NT": 0.5430372953414917,
  "CM": 0.43067246675491333,
  "nasal_tip": 0.3923145532608032,
  "nasal_skin": 0.25666728615760803
}