{
  "midbrain": 0.8035280108451843,
  "thalami": 0.7635538578033447,
  "IT": 0.7004589438438416,
  "NT": 0.5649317502975464,
  "CM": 0.4477022588253021
}