{
  "midbrain": 0.7371088266372681,
  "thalami": 0.29972875118255615,
  "IT": 0.550836980342865,
  "NT": 0.521618664264679,
  "CM": 0.49312159419059753,
  "nasal_tip": 0.27964863181114197
}