{
  "thalami": 0.8443886041641235,
  "midbrain": 0.7269335985183716,
  "IT": 0.6640177369117737,
  "NT": 0.6346777081489563,
  "nasal_skin": 0.3999844491481781,
  "nasal_tip": 0.3978669047355652,
  "CM": 0.3493438959121704
}