{
  "thalami": 0.8145671486854553,
  "midbrain": 0.7698013186454773,
  "CM": 0.5501256585121155,
  "IT": 0.46991297602653503,
  "NT": 0.3542972505092621,
  "nasal_tip": 0.26032960414886475
}