{
  "midbrain": 0.3082355856895447,
  "thalami": 0.7455201745033264,
  "IT": 0.6733574271202087,
  "CM": 0.49120208621025085,
  "NT": 0.29070430994033813,
  "nasal_tip": 0.2572384774684906
}