{
  "midbrain": 0.7272523045539856,
  "thalami": 0.26337137818336487,
  "IT": 0.5771432518959045,
  "CM": 0.3606211543083191
}