{
  "thalami": 0.7785500288009644,
  "midbrain": 0.6493087410926819,
  "NT": 0.5883037447929382,
  "IT": 0.4307851791381836,
  "CM": 0.42553016543388367,
  "nasal_tip": 0.38833343982696533
}