{
  "thalami": 0.8240747451782227,
  "midbrain": 0.275509774684906,
  "IT": 0.3696081042289734,
  "nasal_tip": 0.45623257756233215,
  "CM": 0.3595200479030609,
  "NT": 0.29655158519744873
}