{
  "midbrain": 0.7781335711479187,
  "thalami": 0.6791221499443054,
  "IT": 0.6417195200920105,
  "CM": 0.5027792453765869,
  "nasal_skin": 0.43263494968414307,
  "nasal_tip": 0.39945676922798157,
  "NT": 0.3843493163585663
}