{
  "IT": 0.8517496585845947,
  "thalami": 0.8070727586746216,
  "midbrain": 0.8239588737487793,
  "CM": 0.7815428376197815,
  "nasal_skin": 0.5806516408920288,
  "nasal_tip": 0.5231117606163025
}