{
  "thalami": 0.6892762184143066,
  "midbrain": 0.6836119890213013,
  "IT": 0.609363853931427,
  "CM": 0.5227642059326172,
  "NT": 0.29194262623786926
}