{
  "IT": 0.7384687066078186,
  "thalami": 0.6698975563049316,
  "NT": 0.5940332412719727,
  "CM": 0.5494406223297119,
  "nasal_tip": 0.4742431342601776,
  "midbrain": 0.44647374749183655,
  "nasal_skin": 0.2561832368373871
}