{
  "thalami": 0.8575193285942078,
  "midbrain": 0.670516848564148,
  "IT": 0.6613872051239014,
  "CM": 0.4064173996448517
}