{
  "thalami": 0.6851865649223328,
  "IT": 0.6177968382835388,
  "midbrain": 0.5905057787895203,
  "CM": 0.28300803899765015
}