{
  "midbrain": 0.7394911646842957,
  "thalami": 0.6761192679405212,
  "IT": 0.6552668809890747,
  "CM": 0.4665766656398773,
  "nasal_tip": 0.33194592595100403,
  "NT": 0.31715893745422363
}