{
  "thalami": 0.7205192446708679,
  "midbrain": 0.664955198764801,
  "NT": 0.5953043699264526,
  "IT": 0.5033172965049744,
  "nasal_skin": 0.3700679838657379,
  "CM": 0.2862664461135864,
  "nasal_tip": 0.28213438391685486
}