{
  "thalami": 0.7233180403709412,
  "midbrain": 0.6848293542861938,
  "nasal_skin": 0.5589950084686279,
  "IT": 0.5513007640838623,
  "nasal_tip": 0.49232134222984314
}