{
  "thalami": 0.7899296879768372,
  "IT": 0.7482608556747437,
  "nasal_skin": 0.6388887763023376,
  "midbrain": 0.5922642946243286,
  "CM": 0.5054991841316223,
  "nasal_tip": 0.47346773743629456,
  "NT": 0.27069735527038574
}