{
  "nasal_tip": 0.7505234479904175,
  "IT": 0.6404570937156677,
  "midbrain": 0.5730716586112976,
  "thalami": 0.5662396550178528,
  "CM": 0.5411985516548157,
  "nasal_skin": 0.34622952342033386
}