{
  "midbrain": 0.7523837685585022,
  "thalami": 0.6887786388397217,
  "IT": 0.3584173023700714,
  "nasal_tip": 0.3354843556880951,
  "nasal_skin": 0.3337540328502655
}