{
  "midbrain": 0.8048800230026245,
  "thalami": 0.7726603150367737,
  "IT": 0.7398003935813904,
  "NT": 0.5040455460548401,
  "CM": 0.5000178813934326,
  "nasal_tip": 0.45061811804771423,
  "nasal_skin": 0.2584436535835266
}