{
  "IT": 0.8291600346565247,
  "thalami": 0.819064736366272,
  "midbrain": 0.8029981255531311,
  "CM": 0.6843847632408142,
  "nasal_tip": 0.4372695982456207,
  "NT": 0.27376824617385864
}