{
  "thalami": 0.8370333313941956,
  "midbrain": 0.8035787343978882,
  "IT": 0.6719223260879517,
  "CM": 0.48920297622680664,
  "NT": 0.40243592858314514,
  "nasal_tip": 0.35725605487823486
}