{
  "thalami": 0.6584348678588867,
  "IT": 0.37319496273994446,
  "nasal_tip": 0.30339571833610535,
  "CM": 0.2976587116718292,
  "midbrain": 0.293489009141922
}