{
  "thalami": 0.8378245830535889,
  "midbrain": 0.7934056520462036,
  "CM": 0.7186387181282043,
  "IT": 0.634648323059082,
  "nasal_skin": 0.6125509738922119,
  "NT": 0.3410516083240509
}