{
  "thalami": 0.8225765228271484,
  "CM": 0.6884649395942688,
  "IT": 0.6314635872840881,
  "midbrain": 0.6099271774291992,
  "nasal_tip": 0.6013121604919434,
  "NT": 0.3384746313095093
}