{
  "thalami": 0.872594952583313,
  "nasal_skin": 0.6431266069412231,
  "IT": 0.5579794049263,
  "midbrain": 0.5164228081703186,
  "nasal_tip": 0.49357447028160095,
  "NT": 0.4071695804595947
}