{
  "thalami": 0.8392351269721985,
  "midbrain": 0.7676340341567993,
  "IT": 0.4655478596687317,
  "nasal_tip": 0.4862626791000366,
  "CM": 0.37634196877479553
}