{
  "thalami": 0.796813428401947,
  "midbrain": 0.7938070893287659,
  "IT": 0.7224178314208984,
  "CM": 0.7016128301620483,
  "NT": 0.5996434688568115
}