{
  "thalami": 0.7757086753845215,
  "midbrain": 0.6099816560745239,
  "nasal_skin": 0.6092556118965149,
  "NT": 0.604182243347168
}