{
  "thalami": 0.7920074462890625,
  "midbrain": 0.7880799770355225,
  "IT": 0.6851544976234436,
  "nasal_tip": 0.4824240803718567,
  "CM": 0.4216132164001465,
  "NT": 0.3330036699771881,
  "nasal_skin": 0.3102603256702423
}