{
  "IT": 0.6559686064720154,
  "midbrain": 0.62237548828125,
  "thalami": 0.5727913975715637,
  "nasal_tip": 0.4353835880756378
}