{
  "thalami": 0.7525803446769714,
  "CM": 0.6753789782524109,
  "NT": 0.5546412467956543,
  "IT": 0.5389443635940552,
  "nasal_tip": 0.5119234323501587,
  "nasal_skin": 0.26565101742744446
}