{
  "thalami": 0.7322987914085388,
  "midbrain": 0.7250227928161621,
  "IT": 0.7046911120414734,
  "nasal_tip": 0.41507595777511597,
  "CM": 0.38128775358200073,
  "NT": 0.30111682415008545
}