{
  "midbrain": 0.7850702404975891,
  "thalami": 0.7820597290992737,
  "IT": 0.6243306398391724,
  "CM": 0.6236394643783569,
  "NT": 0.41449975967407227
}