{
  "IT": 0.7726995348930359,
  "thalami": 0.6810702681541443,
  "midbrain": 0.6807370781898499,
  "NT": 0.3924696147441864,
  "CM": 0.34438636898994446,
  "nasal_tip": 0.3132634162902832
}