{
  "IT": 0.6896216869354248,
  "thalami": 0.3155308961868286,
  "midbrain": 0.578743040561676,
  "nasal_tip": 0.3195585608482361
}