{
  "IT": 0.7276648879051208,
  "midbrain": 0.6092599034309387,
  "thalami": 0.5778923034667969,
  "CM": 0.5432509183883667,
  "nasal_tip": 0.41923898458480835
}