{
  "IT": 0.7518659830093384,
  "thalami": 0.7233319282531738,
  "CM": 0.6962845325469971,
  "midbrain": 0.6097220778465271,
  "NT": 0.497941255569458,
  "nasal_tip": 0.31461599469184875
}