{
  "IT": 0.6227878332138062,
  "thalami": 0.6210088729858398,
  "NT": 0.5875747799873352,
  "midbrain": 0.5392640233039856,
  "CM": 0.4037330448627472
}