{
  "midbrain": 0.6167363524436951,
  "thalami": 0.6155314445495605,
  "IT": 0.3132433295249939,
  "CM": 0.42167115211486816
}