{
  "thalami": 0.8323378562927246,
  "IT": 0.77256840467453,
  "midbrain": 0.7612987160682678,
  "CM": 0.5034624934196472,
  "nasal_tip": 0.3390311002731323,
  "NT": 0.33493372797966003
}