{
  "thalami": 0.7998107075691223,
  "midbrain": 0.40790194272994995,
  "NT": 0.6921464204788208,
  "IT": 0.49418357014656067,
  "CM": 0.2659742832183838,
  "nasal_tip": 0.29052674770355225
}