{
  "midbrain": 0.7626675367355347,
  "CM": 0.721409261226654,
  "thalami": 0.6978315711021423,
  "IT": 0.6917798519134521
}