{
  "thalami": 0.3581066131591797,
  "IT": 0.4616111218929291,
  "NT": 0.4002205431461334
}