{
  "thalami": 0.7796034812927246,
  "midbrain": 0.4990036189556122,
  "IT": 0.46004247665405273,
  "NT": 0.4596034586429596,
  "nasal_tip": 0.35580897331237793,
  "CM": 0.34670719504356384
}