{
  "thalami": 0.6461389064788818,
  "NT": 0.6166620254516602,
  "midbrain": 0.5952099561691284,
  "IT": 0.3653922975063324,
  "CM": 0.38644635677337646
}