{
  "midbrain": 0.7612196803092957,
  "thalami": 0.7108490467071533,
  "IT": 0.6212912201881409,
  "nasal_skin": 0.6145498752593994,
  "CM": 0.43981504440307617
}