{
  "thalami": 0.8584266901016235,
  "NT": 0.5629907250404358,
  "midbrain": 0.5382850170135498,
  "IT": 0.3382534384727478,
  "nasal_tip": 0.46122342348098755,
  "nasal_skin": 0.3227110505104065
}