{
  "thalami": 0.7675622701644897,
  "IT": 0.5867480635643005,
  "midbrain": 0.7362372875213623,
  "nasal_skin": 0.4857483506202698,
  "CM": 0.4562283158302307,
  "nasal_tip": 0.36132603883743286
}