{
  "thalami": 0.7476296424865723,
  "IT": 0.5602906942367554,
  "midbrain": 0.5069742798805237,
  "nasal_tip": 0.3454590439796448,
  "CM": 0.27758103609085083,
  "NT": 0.28073883056640625
}