{
  "midbrain": 0.7689460515975952,
  "IT": 0.7287362217903137,
  "thalami": 0.7284359931945801,
  "CM": 0.5501261949539185,
  "nasal_tip": 0.3741339445114136,
  "NT": 0.30450862646102905
}