{
  "thalami": 0.31920281052589417,
  "IT": 0.7473470568656921,
  "CM": 0.7429068684577942,
  "midbrain": 0.6961163282394409,
  "NT": 0.6110460162162781,
  "nasal_tip": 0.4516053795814514
}