{
  "midbrain": 0.6432454586029053,
  "thalami": 0.6311308741569519,
  "NT": 0.38816744089126587,
  "IT": 0.5245095491409302,
  "CM": 0.48194265365600586,
  "nasal_tip": 0.44041192531585693
}