{
  "midbrain": 0.8310710191726685,
  "IT": 0.7684436440467834,
  "thalami": 0.7672287821769714,
  "NT": 0.49001362919807434,
  "CM": 0.33860233426094055
}