{
  "thalami": 0.8501599431037903,
  "midbrain": 0.7689163684844971,
  "IT": 0.6966606974601746,
  "nasal_tip": 0.5403653979301453,
  "nasal_skin": 0.5393744111061096,
  "CM": 0.5363247394561768,
  "NT": 0.4181472659111023
}