{
  "thalami": 0.8561550378799438,
  "midbrain": 0.7215117812156677,
  "NT": 0.6182274222373962,
  "IT": 0.5968657732009888,
  "nasal_tip": 0.5208154916763306,
  "nasal_skin": 0.2907114028930664,
  "CM": 0.36868777871131897
}