{
  "midbrain": 0.7431296110153198,
  "NT": 0.6019926071166992,
  "thalami": 0.5627099871635437,
  "IT": 0.3629539906978607,
  "nasal_tip": 0.2519795596599579
}