{
  "thalami": 0.8562925457954407,
  "CM": 0.7846639156341553,
  "IT": 0.7724556922912598,
  "midbrain": 0.7288708090782166,
  "nasal_tip": 0.3128134608268738
}