{
  "thalami": 0.7735973000526428,
  "midbrain": 0.7144615650177002,
  "IT": 0.6450727581977844,
  "CM": 0.5756415724754333,
  "nasal_tip": 0.29760250449180603
}