{
  "CM": 0.7950200438499451,
  "IT": 0.7279369235038757,
  "thalami": 0.7110515236854553,
  "midbrain": 0.6908667087554932,
  "NT": 0.3428748846054077,
  "nasal_tip": 0.32038402557373047
}