{
  "thalami": 0.7413144707679749,
  "midbrain": 0.7343271970748901,
  "CM": 0.5766935348510742,
  "IT": 0.4637048542499542,
  "nasal_tip": 0.44635260105133057,
  "NT": 0.2542330324649811
}