{
  "IT": 0.711245596408844,
  "thalami": 0.3615639805793762,
  "CM": 0.6414186358451843,
  "NT": 0.6342017650604248,
  "midbrain": 0.5774213671684265,
  "nasal_tip": 0.3355781137943268
}