{
  "thalami": 0.7845016121864319,
  "midbrain": 0.7130498290061951,
  "nasal_skin": 0.5698732137680054,
  "IT": 0.5211206078529358,
  "nasal_tip": 0.4952634572982788
}