{
  "thalami": 0.8144517540931702,
  "midbrain": 0.6791992783546448,
  "IT": 0.5468875169754028,
  "CM": 0.5868771076202393,
  "NT": 0.5002959966659546,
  "nasal_tip": 0.3230482041835785
}