{
  "thalami": 0.731503427028656,
  "midbrain": 0.655035674571991,
  "CM": 0.6141153573989868,
  "IT": 0.5114408731460571
}