{
  "thalami": 0.8275713920593262,
  "midbrain": 0.7443519234657288,
  "IT": 0.6779627203941345,
  "CM": 0.6692265868186951
}