{
  "thalami": 0.8831363320350647,
  "midbrain": 0.8418014049530029,
  "IT": 0.7900596261024475,
  "NT": 0.6658360958099365,
  "CM": 0.45436981320381165,
  "nasal_tip": 0.30985599756240845
}