{
  "thalami": 0.7894680500030518,
  "CM": 0.6092962622642517,
  "midbrain": 0.586679220199585,
  "IT": 0.5701499581336975,
  "nasal_tip": 0.45578470826148987,
  "NT": 0.405246764421463
}