{
  "thalami": 0.745848536491394,
  "IT": 0.7007600665092468,
  "CM": 0.6554446220397949,
  "midbrain": 0.48338672518730164,
  "nasal_skin": 0.35782015323638916,
  "nasal_tip": 0.337240606546402
}