{
  "thalami": 0.7936654686927795,
  "midbrain": 0.7633402943611145,
  "IT": 0.3332069516181946,
  "CM": 0.5522220730781555,
  "nasal_tip": 0.3904626667499542,
  "nasal_skin": 0.2678070366382599
}