{
  "IT": 0.6701387763023376,
  "thalami": 0.6315069198608398,
  "CM": 0.4738464653491974,
  "NT": 0.4611298143863678,
  "midbrain": 0.4193195402622223
}