{
  "midbrain": 0.8736122846603394,
  "thalami": 0.8501282930374146,
  "IT": 0.7153100371360779,
  "nasal_tip": 0.611183226108551,
  "CM": 0.2894381880760193,
  "nasal_skin": 0.3284793496131897
}