{
  "nasal_skin": 0.7327810525894165,
  "nasal_tip": 0.6957522034645081,
  "IT": 0.6165472269058228,
  "CM": 0.30122411251068115,
  "NT": 0.450486958026886,
  "thalami": 0.3357170820236206
}