{
  "thalami": 0.8063398003578186,
  "midbrain": 0.7539559602737427,
  "IT": 0.70808345079422
}