{
  "thalami": 0.7685761451721191,
  "IT": 0.7565200924873352,
  "midbrain": 0.6053671836853027,
  "CM": 0.47420817613601685,
  "nasal_tip": 0.4454863965511322,
  "NT": 0.3053918778896332
}