{
  "CM": 0.8222765326499939,
  "thalami": 0.8158108592033386,
  "IT": 0.7894815802574158,
  "midbrain": 0.7500715851783752,
  "nasal_tip": 0.6185902953147888,
  "NT": 0.5253986716270447,
  "nasal_skin": 0.4620389938354492
}