{
  "thalami": 0.82786625623703,
  "CM": 0.7411670088768005,
  "midbrain": 0.645114004611969,
  "IT": 0.6348791718482971,
  "NT": 0.42301222681999207
}