{
  "midbrain": 0.7386065125465393,
  "IT": 0.6525217294692993,
  "thalami": 0.6318667531013489,
  "NT": 0.439590722322464,
  "CM": 0.4144956171512604
}