{
  "thalami": 0.7647828459739685,
  "midbrain": 0.6387225985527039,
  "CM": 0.39255446195602417,
  "IT": 0.4341679811477661,
  "NT": 0.3454720675945282,
  "nasal_tip": 0.3122428059577942
}