{
  "IT": 0.7921996712684631,
  "midbrain": 0.7653141021728516,
  "thalami": 0.7554613351821899,
  "NT": 0.32465386390686035,
  "CM": 0.5203596949577332,
  "nasal_tip": 0.25135794281959534
}