{
  "midbrain": 0.7349884510040283,
  "IT": 0.7173022627830505,
  "thalami": 0.7089150547981262,
  "CM": 0.6077888607978821,
  "nasal_tip": 0.4277781546115875,
  "NT": 0.31497064232826233
}