{
  "thalami": 0.7753384709358215,
  "IT": 0.7455480098724365,
  "midbrain": 0.7008700370788574,
  "nasal_tip": 0.49090084433555603,
  "NT": 0.3341130316257477,
  "CM": 0.3246469497680664
}