{
  "thalami": 0.8215817213058472,
  "midbrain": 0.7462751865386963,
  "CM": 0.707893431186676,
  "NT": 0.5589858889579773,
  "IT": 0.46675631403923035,
  "nasal_tip": 0.39380884170532227
}