{
  "thalami": 0.7762545943260193,
  "midbrain": 0.7357988357543945,
  "IT": 0.6970577836036682,
  "NT": 0.6165009140968323,
  "nasal_skin": 0.4779362976551056,
  "CM": 0.26459917426109314
}