{
  "thalami": 0.8452507257461548,
  "midbrain": 0.8051955699920654,
  "CM": 0.7998688817024231,
  "IT": 0.7681733965873718,
  "nasal_tip": 0.512150764465332,
  "NT": 0.41277652978897095
}