{
  "thalami": 0.8231881260871887,
  "nasal_tip": 0.6339107751846313,
  "midbrain": 0.592094361782074,
  "IT": 0.4900591969490051,
  "CM": 0.27822136878967285
}