{
  "IT": 0.8747257590293884,
  "midbrain": 0.7465174198150635,
  "thalami": 0.7058699727058411,
  "CM": 0.6266997456550598,
  "NT": 0.6023374795913696,
  "nasal_tip": 0.31365951895713806
}