{
  "thalami": 0.8193948268890381,
  "midbrain": 0.7372792363166809,
  "IT": 0.6358993053436279,
  "CM": 0.5753021240234375,
  "nasal_tip": 0.4631791412830353,
  "NT": 0.25984516739845276
}