{
  "CM": 0.7605515122413635,
  "thalami": 0.7243598699569702,
  "nasal_skin": 0.7021231651306152,
  "nasal_tip": 0.5789585709571838,
  "IT": 0.5234355330467224,
  "midbrain": 0.4108191430568695
}