{
  "CM": 0.8323663473129272,
  "IT": 0.7475654482841492,
  "midbrain": 0.7408118844032288,
  "thalami": 0.6489068865776062,
  "NT": 0.4304649233818054
}