{
  "thalami": 0.8365662097930908,
  "IT": 0.8262557983398438,
  "midbrain": 0.7953490614891052,
  "CM": 0.7048363089561462,
  "nasal_skin": 0.5359763503074646,
  "nasal_tip": 0.48710891604423523,
  "NT": 0.2811185419559479
}