{
  "nasal_tip": 0.654144287109375,
  "thalami": 0.6452288627624512,
  "midbrain": 0.5304854512214661,
  "IT": 0.48796147108078003,
  "nasal_skin": 0.47732406854629517,
  "NT": 0.26484978199005127,
  "CM": 0.3643873929977417
}