{
  "thalami": 0.8861608505249023,
  "IT": 0.8229355812072754,
  "midbrain": 0.8052836656570435,
  "nasal_tip": 0.6066241264343262,
  "CM": 0.4599672257900238,
  "NT": 0.28125858306884766,
  "nasal_skin": 0.25862357020378113
}