{
  "thalami": 0.8744207620620728,
  "midbrain": 0.7502936124801636,
  "IT": 0.7394543886184692,
  "nasal_skin": 0.5510078072547913,
  "nasal_tip": 0.5334964394569397,
  "NT": 0.4328438937664032,
  "CM": 0.2900489270687103
}