{
  "thalami": 0.8450418710708618,
  "midbrain": 0.6824710369110107,
  "NT": 0.612059473991394,
  "IT": 0.6086120009422302,
  "CM": 0.35927698016166687,
  "nasal_tip": 0.34668880701065063,
  "nasal_skin": 0.2989486753940582
}