{
  "thalami": 0.8207924365997314,
  "nasal_skin": 0.7962930202484131,
  "midbrain": 0.7450309991836548,
  "IT": 0.6710522174835205,
  "nasal_tip": 0.6149568557739258,
  "NT": 0.5640263557434082,
  "CM": 0.40493205189704895
}