{
  "midbrain": 0.7894294261932373,
  "thalami": 0.7860727906227112,
  "IT": 0.7219785451889038,
  "nasal_tip": 0.4521581530570984,
  "NT": 0.432647705078125,
  "CM": 0.3329245448112488
}