{
  "thalami": 0.8958590030670166,
  "midbrain": 0.7396083474159241,
  "CM": 0.5627719163894653,
  "NT": 0.5065440535545349,
  "nasal_tip": 0.4181619882583618,
  "nasal_skin": 0.3754309415817261,
  "IT": 0.36179405450820923
}