{
  "thalami": 0.7959620952606201,
  "midbrain": 0.7238343954086304,
  "IT": 0.6853017210960388,
  "CM": 0.5309861302375793,
  "NT": 0.5205571055412292,
  "nasal_tip": 0.5136274695396423
}