{
  "thalami": 0.820743203163147,
  "midbrain": 0.7746145129203796,
  "IT": 0.7272865176200867,
  "CM": 0.7059693336486816,
  "NT": 0.6204438209533691
}