{
  "thalami": 0.743938148021698,
  "midbrain": 0.7052504420280457,
  "IT": 0.586088240146637,
  "NT": 0.2704465389251709
}