{
  "CM": 0.7192351818084717,
  "thalami": 0.710064172744751,
  "IT": 0.6862782835960388,
  "midbrain": 0.6823897957801819,
  "NT": 0.36153730750083923
}