{
  "thalami": 0.8777130246162415,
  "midbrain": 0.772124171257019,
  "CM": 0.6970682740211487,
  "IT": 0.6862417459487915,
  "nasal_tip": 0.44180965423583984
}