{
  "thalami": 0.7687511444091797,
  "IT": 0.7584570050239563,
  "midbrain": 0.749474048614502,
  "NT": 0.4902573823928833,
  "CM": 0.4696124196052551,
  "nasal_tip": 0.29234111309051514
}