{
  "thalami": 0.8736533522605896,
  "CM": 0.7748854756355286,
  "midbrain": 0.73142009973526,
  "IT": 0.5752419829368591,
  "NT": 0.34822216629981995,
  "nasal_tip": 0.29856327176094055
}