{
  "IT": 0.7349030375480652,
  "thalami": 0.6707015633583069,
  "midbrain": 0.6216304302215576,
  "NT": 0.3203199803829193
}