{
  "midbrain": 0.7937150597572327,
  "thalami": 0.6834316253662109,
  "IT": 0.6553702354431152,
  "CM": 0.5721137523651123,
  "nasal_tip": 0.31328579783439636
}