{
  "thalami": 0.7900476455688477,
  "midbrain": 0.5699790716171265,
  "IT": 0.5662454962730408,
  "CM": 0.4490712583065033,
  "NT": 0.3642868995666504
}