{
  "thalami": 0.8577038049697876,
  "midbrain": 0.816674530506134,
  "IT": 0.7621695399284363,
  "CM": 0.6583415865898132,
  "NT": 0.527275562286377
}