{
  "thalami": 0.6934906244277954,
  "midbrain": 0.6814695596694946,
  "IT": 0.652492105960846,
  "NT": 0.5463748574256897,
  "nasal_tip": 0.4795319736003876,
  "nasal_skin": 0.35276639461517334,
  "CM": 0.34289097785949707
}