{
  "midbrain": 0.8343520164489746,
  "thalami": 0.7733790278434753,
  "CM": 0.578014612197876,
  "IT": 0.47336503863334656,
  "NT": 0.3357374966144562
}