{
  "thalami": 0.752781331539154,
  "nasal_tip": 0.5928546786308289,
  "CM": 0.5391706824302673,
  "NT": 0.4308946132659912,
  "IT": 0.37220120429992676
}