{
  "thalami": 0.801519513130188,
  "midbrain": 0.7486854791641235,
  "CM": 0.6646587252616882,
  "IT": 0.3375175893306732,
  "NT": 0.5175877809524536,
  "nasal_tip": 0.29915499687194824
}