{
  "thalami": 0.8953651189804077,
  "IT": 0.8655939102172852,
  "midbrain": 0.8104406595230103,
  "NT": 0.6419600248336792,
  "CM": 0.5678691864013672
}