{
  "thalami": 0.8814648985862732,
  "midbrain": 0.8033099174499512,
  "NT": 0.6648423075675964,
  "IT": 0.5579453110694885,
  "nasal_skin": 0.39448949694633484,
  "CM": 0.254741907119751,
  "nasal_tip": 0.27286842465400696
}