{
  "thalami": 0.7622799873352051,
  "midbrain": 0.7362058162689209,
  "CM": 0.28988853096961975,
  "IT": 0.644481897354126,
  "NT": 0.4837754964828491
}