{
  "IT": 0.7688067555427551,
  "thalami": 0.7551873326301575,
  "CM": 0.5668326020240784,
  "NT": 0.41393378376960754,
  "midbrain": 0.28502511978149414
}