{
  "thalami": 0.7679187059402466,
  "IT": 0.7628456950187683,
  "CM": 0.5552654266357422,
  "nasal_tip": 0.5484023690223694,
  "midbrain": 0.48964980244636536,
  "nasal_skin": 0.29954344034194946
}