{
  "thalami": 0.6783578991889954,
  "midbrain": 0.5613352656364441,
  "IT": 0.5058426260948181,
  "CM": 0.4251119792461395,
  "nasal_tip": 0.290158748626709
}