{
  "midbrain": 0.581419825553894,
  "IT": 0.25162336230278015,
  "nasal_tip": 0.3665035665035248,
  "thalami": 0.3189114034175873
}