{
  "thalami": 0.8269761800765991,
  "midbrain": 0.7419241070747375,
  "IT": 0.687336802482605,
  "CM": 0.5471426844596863,
  "NT": 0.5308183431625366
}