{
  "thalami": 0.6985270977020264,
  "IT": 0.6495232582092285,
  "NT": 0.5562812089920044,
  "midbrain": 0.5109371542930603
}