{
  "midbrain": 0.8141528367996216,
  "thalami": 0.7776750326156616,
  "IT": 0.7179936766624451,
  "CM": 0.5706958770751953,
  "nasal_tip": 0.35468557476997375
}