{
  "midbrain": 0.7551183104515076,
  "IT": 0.7481966018676758,
  "thalami": 0.7177073955535889,
  "NT": 0.5936654210090637,
  "CM": 0.4914945065975189,
  "nasal_tip": 0.4190850853919983
}