{
  "midbrain": 0.7983059883117676,
  "thalami": 0.7137796878814697,
  "IT": 0.7001999616622925,
  "CM": 0.46402671933174133,
  "nasal_tip": 0.46141350269317627
}