{
  "IT": 0.7660506963729858,
  "midbrain": 0.7580028176307678,
  "thalami": 0.743153989315033,
  "CM": 0.6275832653045654,
  "NT": 0.5210959911346436,
  "nasal_tip": 0.4931315779685974,
  "nasal_skin": 0.3823123872280121
}