{
  "thalami": 0.877007007598877,
  "midbrain": 0.798550009727478,
  "IT": 0.7930489778518677,
  "nasal_tip": 0.4998502731323242,
  "CM": 0.4641723334789276,
  "nasal_skin": 0.36341166496276855
}