{
  "midbrain": 0.735133171081543,
  "IT": 0.6983208060264587,
  "thalami": 0.6566178202629089,
  "NT": 0.33797478675842285,
  "nasal_tip": 0.28915053606033325
}