{
  "IT": 0.6909546852111816,
  "CM": 0.6741548180580139,
  "thalami": 0.6360092163085938,
  "midbrain": 0.5859503149986267,
  "NT": 0.5003467798233032,
  "nasal_tip": 0.40948545932769775,
  "nasal_skin": 0.2672417461872101
}