{
  "thalami": 0.7999963164329529,
  "midbrain": 0.6131368279457092,
  "nasal_tip": 0.545157790184021,
  "CM": 0.28450727462768555,
  "IT": 0.4599986970424652,
  "nasal_skin": 0.45978811383247375,
  "NT": 0.3819720149040222
}