{
  "thalami": 0.705961287021637,
  "IT": 0.654276967048645,
  "NT": 0.5062614679336548,
  "CM": 0.3998095989227295,
  "nasal_tip": 0.3833204507827759,
  "midbrain": 0.28550490736961365
}