{
  "CM": 0.7348292469978333,
  "thalami": 0.6948927640914917,
  "IT": 0.6801551580429077,
  "midbrain": 0.6615117788314819,
  "NT": 0.38562723994255066
}