{
  "thalami": 0.7619530558586121,
  "midbrain": 0.7107108235359192,
  "NT": 0.5929689407348633,
  "IT": 0.5308830738067627
}