{
  "midbrain": 0.7463181614875793,
  "thalami": 0.7099206447601318,
  "NT": 0.6409692764282227,
  "CM": 0.41904160380363464,
  "nasal_tip": 0.46201008558273315,
  "IT": 0.42523640394210815
}