{
  "IT": 0.6625387072563171,
  "thalami": 0.6065851449966431,
  "midbrain": 0.5600407123565674,
  "nasal_tip": 0.43070054054260254
}