{
  "midbrain": 0.8408082723617554,
  "thalami": 0.8329550623893738,
  "IT": 0.7067261934280396,
  "CM": 0.5549168586730957,
  "NT": 0.4911767840385437
}