{
  "nasal_skin": 0.8439761400222778,
  "thalami": 0.7971635460853577,
  "midbrain": 0.7913522124290466,
  "IT": 0.48310020565986633,
  "CM": 0.5125377178192139,
  "nasal_tip": 0.42744359374046326
}