{
  "thalami": 0.7828646898269653,
  "midbrain": 0.7368722558021545,
  "IT": 0.6765608191490173,
  "NT": 0.5762737393379211,
  "nasal_skin": 0.4954325258731842,
  "nasal_tip": 0.4946559965610504
}