{
  "midbrain": 0.788667619228363,
  "thalami": 0.7451304197311401,
  "IT": 0.6296932101249695,
  "CM": 0.6033075451850891,
  "nasal_tip": 0.44072991609573364,
  "NT": 0.2775261402130127
}