{
  "thalami": 0.8678382039070129,
  "midbrain": 0.8033692240715027,
  "CM": 0.7206567525863647,
  "IT": 0.6675742864608765,
  "nasal_tip": 0.40824103355407715,
  "NT": 0.33504971861839294
}