{
  "thalami": 0.8481094241142273,
  "midbrain": 0.8298845887184143,
  "IT": 0.7117683291435242,
  "CM": 0.5786309838294983,
  "nasal_tip": 0.5198091268539429,
  "NT": 0.448832243680954
}