{
  "thalami": 0.7280674576759338,
  "midbrain": 0.7165356278419495,
  "CM": 0.6119195222854614,
  "nasal_tip": 0.455271452665329,
  "IT": 0.3980729877948761
}