{
  "IT": 0.7912530303001404,
  "NT": 0.337784081697464,
  "CM": 0.4894932210445404,
  "thalami": 0.4705056846141815
}