{
  "midbrain": 0.8231732845306396,
  "thalami": 0.8140019774436951,
  "IT": 0.7596846222877502,
  "NT": 0.5326763987541199,
  "CM": 0.6527752876281738
}