{
  "thalami": 0.7408130168914795,
  "midbrain": 0.6686601042747498,
  "IT": 0.6594749689102173,
  "nasal_skin": 0.3659466803073883,
  "CM": 0.34833356738090515,
  "NT": 0.30646950006484985,
  "nasal_tip": 0.32084375619888306
}