{
  "thalami": 0.8906515836715698,
  "midbrain": 0.7814142107963562,
  "IT": 0.7677791118621826,
  "NT": 0.6102328300476074,
  "CM": 0.4915560185909271,
  "nasal_tip": 0.47257909178733826,
  "nasal_skin": 0.25981462001800537
}