{
  "nasal_skin": 0.8084633350372314,
  "thalami": 0.7601180672645569,
  "midbrain": 0.7171031832695007,
  "IT": 0.6674506664276123,
  "CM": 0.5107953548431396,
  "NT": 0.48498332500457764,
  "nasal_tip": 0.43893197178840637
}