{
  "thalami": 0.7904598116874695,
  "midbrain": 0.7417975068092346,
  "IT": 0.6209505200386047,
  "NT": 0.5780744552612305,
  "nasal_tip": 0.3517817556858063,
  "CM": 0.3091175854206085
}