{
  "thalami": 0.7956063151359558,
  "midbrain": 0.774364173412323,
  "CM": 0.736476719379425,
  "IT": 0.7263376712799072,
  "NT": 0.5853383541107178,
  "nasal_tip": 0.3377229571342468
}