{
  "NT": 0.6040889620780945,
  "IT": 0.4919314682483673,
  "thalami": 0.4732682704925537,
  "nasal_skin": 0.25918349623680115
}