{
  "thalami": 0.8741617202758789,
  "IT": 0.848746657371521,
  "midbrain": 0.7940704822540283,
  "CM": 0.5760073065757751,
  "nasal_skin": 0.5406619310379028,
  "NT": 0.5388408303260803
}