{
  "midbrain": 0.7659592628479004,
  "thalami": 0.7437684535980225,
  "IT": 0.7334102392196655,
  "CM": 0.5787897109985352,
  "NT": 0.4165716767311096
}