{
  "thalami": 0.8491925001144409,
  "midbrain": 0.7641629576683044,
  "nasal_tip": 0.5746369957923889,
  "nasal_skin": 0.4876142740249634,
  "IT": 0.42076388001441956,
  "CM": 0.25052276253700256
}