{
  "thalami": 0.84745192527771,
  "IT": 0.7479080557823181,
  "midbrain": 0.7258832454681396,
  "NT": 0.4982583522796631,
  "nasal_tip": 0.4489787817001343,
  "CM": 0.3507240414619446
}