{
  "thalami": 0.8211671113967896,
  "nasal_skin": 0.814566433429718,
  "midbrain": 0.791438639163971,
  "IT": 0.6348486542701721,
  "nasal_tip": 0.5400716662406921
}