{
  "thalami": 0.7891247272491455,
  "midbrain": 0.7818750143051147,
  "CM": 0.6760221719741821,
  "IT": 0.575650691986084,
  "nasal_skin": 0.511501669883728,
  "nasal_tip": 0.35315215587615967,
  "NT": 0.27931344509124756
}