{
  "thalami": 0.8831504583358765,
  "midbrain": 0.81378573179245,
  "IT": 0.6321260333061218,
  "nasal_tip": 0.6083686351776123,
  "CM": 0.3367313742637634,
  "NT": 0.4243188202381134,
  "nasal_skin": 0.28350913524627686
}