{
  "IT": 0.7946924567222595,
  "midbrain": 0.7002208232879639,
  "nasal_tip": 0.6337959170341492,
  "thalami": 0.6310491561889648,
  "nasal_skin": 0.30847376585006714,
  "NT": 0.39041978120803833,
  "CM": 0.3225076496601105
}