{
  "thalami": 0.35796985030174255,
  "midbrain": 0.5776221752166748,
  "NT": 0.5730213522911072,
  "IT": 0.5151418447494507,
  "nasal_skin": 0.5122806429862976,
  "CM": 0.45669254660606384
}