{
  "thalami": 0.8514302968978882,
  "IT": 0.732999861240387,
  "midbrain": 0.7240322828292847,
  "CM": 0.5831395983695984,
  "NT": 0.5140429735183716,
  "nasal_tip": 0.3648955821990967
}