{
  "midbrain": 0.8369673490524292,
  "thalami": 0.8109886050224304,
  "IT": 0.6723077297210693,
  "CM": 0.5727323293685913,
  "nasal_tip": 0.3476076126098633,
  "NT": 0.27977508306503296
}