{
  "thalami": 0.7910207509994507,
  "midbrain": 0.7833245992660522,
  "CM": 0.690915584564209,
  "IT": 0.5307626128196716,
  "nasal_tip": 0.3521815538406372
}