{
  "thalami": 0.8514108657836914,
  "CM": 0.7700628042221069,
  "midbrain": 0.7597723603248596,
  "NT": 0.5940883159637451,
  "IT": 0.5831136107444763,
  "nasal_tip": 0.2755485475063324
}