{
  "IT": 0.8437584638595581,
  "thalami": 0.837841808795929,
  "midbrain": 0.7312687039375305,
  "CM": 0.5947689414024353,
  "nasal_tip": 0.44187453389167786
}