{
  "midbrain": 0.7963724136352539,
  "thalami": 0.7857905626296997,
  "IT": 0.5936663150787354,
  "CM": 0.5306994318962097,
  "nasal_tip": 0.2604520916938782,
  "NT": 0.48165878653526306,
  "nasal_skin": 0.4444614052772522
}