{
  "IT": 0.8104531168937683,
  "thalami": 0.781012773513794,
  "midbrain": 0.7363870739936829,
  "nasal_tip": 0.6026826500892639,
  "nasal_skin": 0.5963874459266663,
  "CM": 0.41183000802993774,
  "NT": 0.4177396297454834
}