{
  "thalami": 0.8260533213615417,
  "midbrain": 0.8064886927604675,
  "CM": 0.5893879532814026,
  "NT": 0.526070773601532,
  "IT": 0.5059372782707214,
  "nasal_tip": 0.4568538963794708,
  "nasal_skin": 0.27160078287124634
}