{
  "thalami": 0.7695226669311523,
  "CM": 0.7343947887420654,
  "IT": 0.5598428249359131,
  "nasal_tip": 0.4895099103450775,
  "NT": 0.48036134243011475,
  "midbrain": 0.4401470720767975,
  "nasal_skin": 0.2537856698036194
}