{
  "thalami": 0.7592220306396484,
  "IT": 0.6634325981140137,
  "midbrain": 0.6518320441246033,
  "NT": 0.46440669894218445,
  "CM": 0.2582941949367523,
  "nasal_tip": 0.3671570420265198
}