{
  "thalami": 0.6808558106422424,
  "IT": 0.674020528793335,
  "midbrain": 0.46368443965911865,
  "nasal_tip": 0.4371260106563568,
  "NT": 0.42831966280937195,
  "CM": 0.4065695106983185
}