{
  "thalami": 0.8126245141029358,
  "midbrain": 0.7584412097930908,
  "IT": 0.7133074402809143,
  "CM": 0.43314114212989807,
  "NT": 0.2928892970085144
}