{
  "midbrain": 0.8274629712104797,
  "thalami": 0.8171852827072144,
  "IT": 0.6516307592391968,
  "CM": 0.5946837067604065,
  "nasal_skin": 0.573056697845459,
  "NT": 0.40288078784942627
}