{
  "IT": 0.8026444911956787,
  "thalami": 0.7934598326683044,
  "midbrain": 0.7709135413169861,
  "CM": 0.6893073916435242,
  "NT": 0.6709228157997131
}