{
  "IT": 0.7109343409538269,
  "midbrain": 0.6841537952423096,
  "thalami": 0.5659728050231934,
  "NT": 0.46759045124053955,
  "CM": 0.3864056468009949
}