{
  "thalami": 0.833923876285553,
  "CM": 0.8011012077331543,
  "IT": 0.7683230042457581,
  "midbrain": 0.7136752605438232,
  "NT": 0.5711625218391418,
  "nasal_tip": 0.5559513568878174
}