{
  "thalami": 0.8117819428443909,
  "midbrain": 0.7700484395027161,
  "CM": 0.6799229383468628,
  "NT": 0.6673807501792908,
  "IT": 0.6513476967811584,
  "nasal_tip": 0.31757938861846924
}