{
  "thalami": 0.8557507395744324,
  "midbrain": 0.8330343961715698,
  "CM": 0.7556891441345215,
  "IT": 0.625537097454071,
  "NT": 0.3008456826210022,
  "nasal_tip": 0.2988601326942444
}