{
  "IT": 0.7015150189399719,
  "thalami": 0.670050859451294,
  "midbrain": 0.6461432576179504,
  "CM": 0.5314117074012756,
  "nasal_tip": 0.39596936106681824
}