{
  "midbrain": 0.7105332016944885,
  "NT": 0.59837806224823,
  "thalami": 0.5758141875267029,
  "IT": 0.5156949162483215,
  "CM": 0.3678058683872223,
  "nasal_skin": 0.2669958770275116
}