{
  "CM": 0.7972493171691895,
  "thalami": 0.7943718433380127,
  "midbrain": 0.7084748148918152,
  "IT": 0.6720007061958313,
  "NT": 0.5730093121528625,
  "nasal_tip": 0.551839292049408,
  "nasal_skin": 0.54881751537323
}