{
  "thalami": 0.8529175519943237,
  "IT": 0.8052968382835388,
  "nasal_skin": 0.7950661182403564,
  "midbrain": 0.7573582530021667,
  "nasal_tip": 0.40299543738365173,
  "CM": 0.38890379667282104
}