{
  "midbrain": 0.6076106429100037,
  "IT": 0.5793641805648804,
  "thalami": 0.5760201215744019,
  "nasal_tip": 0.5052250027656555,
  "CM": 0.3485115170478821,
  "NT": 0.36326441168785095
}