{
  "midbrain": 0.7712151408195496,
  "thalami": 0.769208550453186,
  "IT": 0.7407243847846985,
  "CM": 0.6199564933776855,
  "NT": 0.3806186318397522
}