{
  "thalami": 0.8575289249420166,
  "midbrain": 0.8219722509384155,
  "nasal_skin": 0.7456498742103577,
  "nasal_tip": 0.6648487448692322,
  "IT": 0.5580193400382996,
  "CM": 0.5064388513565063,
  "NT": 0.30200937390327454
}