{
  "IT": 0.6753941774368286,
  "thalami": 0.6656054258346558,
  "NT": 0.6168718338012695,
  "midbrain": 0.5407959818840027,
  "nasal_tip": 0.4544733464717865,
  "CM": 0.39868029952049255
}