{
  "midbrain": 0.8279227614402771,
  "thalami": 0.8090541958808899,
  "IT": 0.601605236530304,
  "CM": 0.5318923592567444
}