{
  "midbrain": 0.7448421716690063,
  "CM": 0.6934964656829834,
  "IT": 0.6550779342651367,
  "thalami": 0.42119699716567993,
  "NT": 0.3194999694824219
}