{
  "thalami": 0.8769087195396423,
  "midbrain": 0.8307726383209229,
  "nasal_tip": 0.6601214408874512,
  "IT": 0.6176989078521729,
  "CM": 0.5527292490005493,
  "nasal_skin": 0.37917765974998474,
  "NT": 0.2998107075691223
}