{
  "IT": 0.7071617841720581,
  "thalami": 0.6940068602561951,
  "midbrain": 0.6056484580039978,
  "CM": 0.33437588810920715,
  "NT": 0.37943679094314575,
  "nasal_tip": 0.2762081027030945,
  "nasal_skin": 0.2668071985244751
}