{
  "thalami": 0.8328779935836792,
  "midbrain": 0.7901217937469482,
  "IT": 0.611343264579773,
  "CM": 0.5811294317245483,
  "nasal_tip": 0.27085843682289124,
  "NT": 0.25255829095840454
}