{
  "CM": 0.7678344249725342,
  "thalami": 0.7647368311882019,
  "midbrain": 0.7062420845031738,
  "IT": 0.6898412704467773,
  "nasal_tip": 0.3580774664878845
}