{
  "midbrain": 0.6964040994644165,
  "CM": 0.6524959802627563,
  "IT": 0.6363438367843628,
  "thalami": 0.6048986315727234,
  "NT": 0.3783237040042877,
  "nasal_tip": 0.36188259720802307
}