{
  "nasal_skin": 0.6161782741546631,
  "thalami": 0.7662193775177002,
  "midbrain": 0.7230717539787292,
  "CM": 0.6700548529624939,
  "nasal_tip": 0.6465528607368469,
  "IT": 0.6456938982009888,
  "NT": 0.5451738834381104
}