{
  "IT": 0.8244003057479858,
  "thalami": 0.7879722714424133,
  "midbrain": 0.7527340650558472,
  "nasal_skin": 0.5666071176528931,
  "nasal_tip": 0.3061274290084839,
  "CM": 0.38192686438560486,
  "NT": 0.31052151322364807
}