{
  "thalami": 0.7638207674026489,
  "IT": 0.7465783953666687,
  "midbrain": 0.6387263536453247,
  "nasal_tip": 0.5524951815605164,
  "CM": 0.4173646867275238,
  "NT": 0.3560321033000946,
  "nasal_skin": 0.25119468569755554
}