{
  "IT": 0.7053459882736206,
  "thalami": 0.6999819278717041,
  "CM": 0.6155478954315186,
  "nasal_tip": 0.5951442122459412,
  "midbrain": 0.5077134370803833,
  "nasal_skin": 0.4608698785305023,
  "NT": 0.4470169246196747
}