{
  "thalami": 0.8378798961639404,
  "midbrain": 0.7848312854766846,
  "CM": 0.6257606148719788,
  "IT": 0.5075065493583679,
  "nasal_tip": 0.4773692786693573,
  "NT": 0.4264897406101227,
  "nasal_skin": 0.41960546374320984
}