{
  "thalami": 0.7025999426841736,
  "IT": 0.6144642233848572,
  "CM": 0.5733900666236877,
  "midbrain": 0.49782657623291016,
  "NT": 0.3662898540496826
}