{
  "IT": 0.732053816318512,
  "thalami": 0.6387549638748169,
  "CM": 0.4822971522808075,
  "midbrain": 0.44437241554260254,
  "NT": 0.2968243956565857
}