{
  "thalami": 0.8609535694122314,
  "midbrain": 0.7764414548873901,
  "IT": 0.6461114287376404,
  "CM": 0.4560808837413788,
  "NT": 0.2776052951812744,
  "nasal_skin": 0.2553780972957611
}