{
  "thalami": 0.7123734951019287,
  "IT": 0.6427614688873291,
  "CM": 0.5860035419464111,
  "NT": 0.40790775418281555,
  "nasal_tip": 0.36335957050323486,
  "midbrain": 0.260149747133255
}