{
  "thalami": 0.6559937596321106,
  "NT": 0.6084110736846924,
  "nasal_tip": 0.4682534635066986,
  "nasal_skin": 0.33644816279411316,
  "midbrain": 0.31271690130233765,
  "IT": 0.29581859707832336
}