{
  "thalami": 0.8855544924736023,
  "midbrain": 0.8020430207252502,
  "IT": 0.3171232044696808,
  "CM": 0.5571455955505371,
  "NT": 0.556516706943512
}