{
  "IT": 0.7301427721977234,
  "thalami": 0.6572321653366089,
  "midbrain": 0.6420779228210449,
  "NT": 0.4351220726966858,
  "CM": 0.3088630735874176
}