{
  "thalami": 0.8301149606704712,
  "midbrain": 0.7729374170303345,
  "IT": 0.717904806137085,
  "CM": 0.5245866179466248,
  "NT": 0.5144101977348328,
  "nasal_tip": 0.32227203249931335
}