{
  "IT": 0.7494358420372009,
  "thalami": 0.6749866008758545,
  "CM": 0.6110939979553223,
  "midbrain": 0.5485835075378418,
  "NT": 0.4543370306491852,
  "nasal_tip": 0.40838804841041565,
  "nasal_skin": 0.4081295430660248
}