{
  "thalami": 0.7838448286056519,
  "midbrain": 0.772453248500824,
  "IT": 0.49843356013298035,
  "NT": 0.36637917160987854,
  "CM": 0.36058667302131653,
  "nasal_tip": 0.28701019287109375
}