{
  "thalami": 0.8551135063171387,
  "nasal_skin": 0.7476826906204224,
  "CM": 0.6782422661781311,
  "midbrain": 0.6741650700569153,
  "IT": 0.6455590724945068,
  "nasal_tip": 0.5096330642700195,
  "NT": 0.26506733894348145
}