{
  "IT": 0.72764652967453,
  "thalami": 0.6879768967628479,
  "midbrain": 0.6771842837333679
}