{
  "thalami": 0.7864550352096558,
  "IT": 0.7854352593421936,
  "midbrain": 0.5267540812492371,
  "CM": 0.4882119297981262,
  "nasal_tip": 0.3739548623561859
}