{
  "midbrain": 0.8071843981742859,
  "thalami": 0.739098846912384,
  "IT": 0.6374672651290894,
  "CM": 0.326519250869751,
  "nasal_tip": 0.5444090366363525,
  "NT": 0.4707944393157959,
  "nasal_skin": 0.45968955755233765
}