{
  "thalami": 0.8236961960792542,
  "midbrain": 0.6618157029151917,
  "CM": 0.37485751509666443,
  "IT": 0.475027859210968,
  "nasal_tip": 0.43778762221336365,
  "NT": 0.39319339394569397,
  "nasal_skin": 0.26536983251571655
}