{
  "thalami": 0.8000160455703735,
  "midbrain": 0.7528599500656128,
  "IT": 0.6058773994445801,
  "NT": 0.445575475692749,
  "CM": 0.29132354259490967
}