{
  "midbrain": 0.7742363810539246,
  "thalami": 0.7426902651786804,
  "IT": 0.7179204821586609,
  "NT": 0.3474041521549225,
  "CM": 0.2622699737548828
}