{
  "thalami": 0.8861181735992432,
  "midbrain": 0.8288465738296509,
  "IT": 0.7524512410163879,
  "CM": 0.4175857603549957,
  "nasal_skin": 0.297387033700943,
  "NT": 0.26441076397895813
}