{
  "thalami": 0.7538062930107117,
  "midbrain": 0.6143808960914612,
  "IT": 0.5839530825614929,
  "CM": 0.5819556713104248,
  "nasal_skin": 0.28632083535194397
}