{
  "thalami": 0.8115354180335999,
  "IT": 0.7127851843833923,
  "CM": 0.5823655724525452,
  "nasal_tip": 0.507112979888916,
  "nasal_skin": 0.4984078109264374,
  "midbrain": 0.42796802520751953,
  "NT": 0.3373119533061981
}