{
  "thalami": 0.8438245058059692,
  "CM": 0.6960440874099731,
  "IT": 0.6825407147407532,
  "NT": 0.6120766997337341,
  "nasal_tip": 0.5441007614135742,
  "midbrain": 0.5237227082252502,
  "nasal_skin": 0.259395033121109
}