{
  "CM": 0.6325690150260925,
  "thalami": 0.4591353237628937,
  "NT": 0.585541307926178,
  "IT": 0.5200159549713135,
  "nasal_tip": 0.34119847416877747,
  "midbrain": 0.2721775472164154
}