{
  "thalami": 0.5339068174362183,
  "NT": 0.43873587250709534,
  "midbrain": 0.4083750247955322,
  "IT": 0.26453107595443726
}