{
  "thalami": 0.8113954067230225,
  "midbrain": 0.7224690914154053,
  "nasal_tip": 0.7041001319885254,
  "IT": 0.6745945811271667,
  "CM": 0.49759531021118164,
  "NT": 0.25493815541267395,
  "nasal_skin": 0.35924404859542847
}