{
  "thalami": 0.8947709202766418,
  "midbrain": 0.789812445640564,
  "CM": 0.44255533814430237,
  "IT": 0.5369102954864502,
  "NT": 0.43277063965797424,
  "nasal_skin": 0.30101680755615234
}