{
  "thalami": 0.8406012058258057,
  "IT": 0.8270724415779114,
  "midbrain": 0.7916283011436462,
  "NT": 0.6368148922920227,
  "nasal_tip": 0.601526141166687,
  "CM": 0.5466885566711426,
  "nasal_skin": 0.3985083997249603
}