{
  "thalami": 0.7092628479003906,
  "IT": 0.3139730989933014,
  "CM": 0.5831219553947449,
  "nasal_tip": 0.3531922399997711,
  "NT": 0.34572097659111023
}