{
  "thalami": 0.6458703875541687,
  "midbrain": 0.6450386643409729,
  "nasal_tip": 0.48835986852645874,
  "IT": 0.37235406041145325,
  "CM": 0.4204341471195221,
  "NT": 0.27157390117645264
}