{
  "thalami": 0.7658334970474243,
  "CM": 0.7478742599487305,
  "midbrain": 0.7429540753364563,
  "IT": 0.4926756024360657,
  "NT": 0.4734048545360565
}