{
  "IT": 0.7424507737159729,
  "thalami": 0.7328144907951355,
  "midbrain": 0.6635186076164246,
  "nasal_tip": 0.612335741519928,
  "NT": 0.5473631620407104,
  "CM": 0.47717538475990295,
  "nasal_skin": 0.3753005266189575
}