{
  "IT": 0.7368287444114685,
  "midbrain": 0.7330182790756226,
  "thalami": 0.7186630368232727,
  "CM": 0.5473584532737732
}