{
  "thalami": 0.7550799250602722,
  "NT": 0.5632972717285156,
  "nasal_tip": 0.5411180853843689,
  "IT": 0.39716824889183044,
  "CM": 0.4097749590873718,
  "midbrain": 0.3861844837665558,
  "nasal_skin": 0.3763379156589508
}