{
  "CM": 0.8345357179641724,
  "thalami": 0.728610634803772,
  "IT": 0.6805915236473083,
  "NT": 0.5608655214309692,
  "nasal_tip": 0.38780418038368225,
  "midbrain": 0.27682748436927795
}