{
  "midbrain": 0.8114683032035828,
  "thalami": 0.7061961889266968,
  "IT": 0.5759469866752625,
  "CM": 0.5930045247077942,
  "nasal_tip": 0.5736926198005676
}