{
  "nasal_skin": 0.8568276166915894,
  "IT": 0.6791134476661682,
  "thalami": 0.6421805024147034,
  "CM": 0.6357775330543518,
  "nasal_tip": 0.6211605668067932,
  "NT": 0.5951917767524719,
  "midbrain": 0.4538137912750244
}