{
  "thalami": 0.765643835067749,
  "IT": 0.6267091035842896,
  "NT": 0.5635823607444763,
  "nasal_tip": 0.3237284719944
}