{
  "thalami": 0.8091182708740234,
  "IT": 0.7116898894309998,
  "midbrain": 0.6559968590736389,
  "nasal_tip": 0.5322961807250977,
  "NT": 0.5282757878303528,
  "CM": 0.45405343174934387,
  "nasal_skin": 0.33930066227912903
}