{
  "IT": 0.6577602028846741,
  "thalami": 0.611419141292572,
  "midbrain": 0.5694958567619324,
  "CM": 0.47558629512786865,
  "NT": 0.30836737155914307,
  "nasal_tip": 0.25899383425712585
}