{
  "midbrain": 0.33686748147010803,
  "thalami": 0.8060454726219177,
  "IT": 0.7802768349647522,
  "CM": 0.46567246317863464,
  "NT": 0.252910852432251
}