{
  "thalami": 0.782696545124054,
  "midbrain": 0.6116753816604614,
  "IT": 0.5647141933441162,
  "CM": 0.4398488402366638,
  "nasal_tip": 0.36042287945747375
}