{
  "thalami": 0.8433123826980591,
  "midbrain": 0.716032087802887,
  "nasal_tip": 0.2804771959781647,
  "CM": 0.6741881370544434,
  "nasal_skin": 0.664673388004303,
  "IT": 0.6122297644615173,
  "NT": 0.591793954372406
}