{
  "thalami": 0.6152140498161316,
  "IT": 0.6145808100700378,
  "nasal_tip": 0.6139001846313477,
  "CM": 0.43699201941490173,
  "NT": 0.2518518567085266
}