{
  "midbrain": 0.7984852194786072,
  "thalami": 0.6405447125434875,
  "IT": 0.5976594686508179,
  "nasal_tip": 0.331280916929245,
  "CM": 0.28140348196029663
}