{
  "midbrain": 0.8585479855537415,
  "thalami": 0.765628457069397,
  "IT": 0.6244471669197083,
  "NT": 0.48408475518226624,
  "nasal_tip": 0.32267189025878906,
  "CM": 0.30640360713005066
}