{
  "thalami": 0.7307816743850708,
  "CM": 0.6681903004646301,
  "midbrain": 0.6482232809066772,
  "nasal_tip": 0.28270450234413147,
  "NT": 0.5484523177146912,
  "IT": 0.48029154539108276
}