{
  "midbrain": 0.7732142210006714,
  "IT": 0.7510933876037598,
  "CM": 0.7158311605453491,
  "thalami": 0.6011712551116943
}