{
  "IT": 0.8249164819717407,
  "midbrain": 0.761162281036377,
  "thalami": 0.7035009264945984,
  "CM": 0.6893121600151062,
  "NT": 0.5442823767662048,
  "nasal_tip": 0.524215817451477
}