{
  "NT": 0.49706581234931946,
  "IT": 0.4734884202480316,
  "thalami": 0.4459182918071747
}