{
  "CM": 0.6784228682518005,
  "thalami": 0.6095430254936218,
  "NT": 0.45455989241600037,
  "IT": 0.4217473864555359,
  "midbrain": 0.4192585051059723,
  "nasal_tip": 0.31718599796295166
}