{
  "thalami": 0.819376528263092,
  "IT": 0.3418150544166565,
  "CM": 0.7411081194877625,
  "midbrain": 0.6317545175552368,
  "NT": 0.5244305729866028,
  "nasal_tip": 0.36936482787132263
}