{
  "thalami": 0.8633202910423279,
  "CM": 0.8279147148132324,
  "IT": 0.7495518922805786,
  "midbrain": 0.7428287267684937,
  "nasal_tip": 0.26289284229278564
}