{
  "midbrain": 0.8082143664360046,
  "thalami": 0.7833887338638306,
  "CM": 0.7494927644729614,
  "IT": 0.6953647136688232,
  "nasal_tip": 0.5388488173484802,
  "nasal_skin": 0.4755008816719055,
  "NT": 0.33576473593711853
}