{
  "midbrain": 0.7516780495643616,
  "IT": 0.7337923049926758,
  "CM": 0.5957241058349609,
  "thalami": 0.5345748066902161,
  "nasal_tip": 0.42925599217414856,
  "NT": 0.2828737795352936
}