{
  "thalami": 0.8363017439842224,
  "midbrain": 0.7380719780921936,
  "IT": 0.6547856330871582,
  "CM": 0.533044695854187,
  "NT": 0.364728182554245
}