{
  "midbrain": 0.8257170915603638,
  "thalami": 0.7688533067703247,
  "CM": 0.6956381797790527,
  "nasal_skin": 0.6849690675735474,
  "IT": 0.6628537774085999,
  "NT": 0.46392887830734253,
  "nasal_tip": 0.4220584034919739
}