{
  "CM": 0.8044561147689819,
  "thalami": 0.8004101514816284,
  "IT": 0.7930676341056824,
  "midbrain": 0.7448912858963013,
  "nasal_tip": 0.3069344758987427
}