{
  "thalami": 0.8000468611717224,
  "midbrain": 0.7515078783035278,
  "IT": 0.6649515628814697,
  "CM": 0.5340130925178528,
  "NT": 0.28763461112976074
}