{
  "thalami": 0.6610801815986633,
  "CM": 0.6141077280044556,
  "midbrain": 0.5624248385429382,
  "NT": 0.507061243057251,
  "IT": 0.2673284113407135,
  "nasal_tip": 0.4637613594532013,
  "nasal_skin": 0.4556763470172882
}