{
  "thalami": 0.8553777933120728,
  "midbrain": 0.8257197141647339,
  "nasal_tip": 0.6635617017745972,
  "CM": 0.6335218548774719,
  "nasal_skin": 0.5805680751800537,
  "IT": 0.5283440351486206,
  "NT": 0.2707233130931854
}