{
  "thalami": 0.84171462059021,
  "midbrain": 0.8293216228485107,
  "IT": 0.793731689453125,
  "nasal_tip": 0.4916914403438568,
  "CM": 0.4574022889137268,
  "NT": 0.4219592809677124,
  "nasal_skin": 0.27103060483932495
}