{
  "thalami": 0.7580676674842834,
  "CM": 0.6536312699317932,
  "IT": 0.6004997491836548,
  "midbrain": 0.577522337436676,
  "nasal_tip": 0.35280928015708923,
  "nasal_skin": 0.32638484239578247
}