{
  "thalami": 0.8233177065849304,
  "midbrain": 0.7732214331626892,
  "nasal_tip": 0.6080491542816162,
  "IT": 0.5495825409889221,
  "nasal_skin": 0.546552836894989,
  "CM": 0.31987279653549194
}