{
  "thalami": 0.6931973695755005,
  "midbrain": 0.653721034526825,
  "CM": 0.44899338483810425,
  "IT": 0.522770345211029,
  "nasal_tip": 0.5166804790496826
}