{
  "midbrain": 0.7157756686210632,
  "thalami": 0.6791653633117676,
  "IT": 0.6768323183059692,
  "nasal_tip": 0.4828084707260132,
  "CM": 0.34564387798309326
}