{
  "thalami": 0.8045738935470581,
  "midbrain": 0.6027507185935974,
  "nasal_tip": 0.5558345913887024,
  "IT": 0.5248939394950867,
  "NT": 0.39880824089050293,
  "nasal_skin": 0.3107011318206787,
  "CM": 0.27636733651161194
}