{
  "thalami": 0.8035500049591064,
  "IT": 0.7677097916603088,
  "midbrain": 0.6666669845581055,
  "nasal_tip": 0.6452587842941284,
  "CM": 0.5090755820274353
}