{
  "thalami": 0.8143824338912964,
  "CM": 0.6905714869499207,
  "midbrain": 0.5631060600280762,
  "IT": 0.42760491371154785,
  "nasal_tip": 0.2543247938156128
}