{
  "thalami": 0.8591325283050537,
  "midbrain": 0.7151198387145996,
  "IT": 0.6944388747215271,
  "CM": 0.6239820718765259,
  "NT": 0.4151161313056946,
  "nasal_tip": 0.25546425580978394
}