{
  "thalami": 0.7878484725952148,
  "midbrain": 0.7650733590126038,
  "IT": 0.7127600312232971,
  "NT": 0.47284963726997375,
  "CM": 0.38458251953125,
  "nasal_tip": 0.2821942865848541
}