{
  "thalami": 0.8875041007995605,
  "midbrain": 0.8324012756347656,
  "IT": 0.7835721373558044,
  "CM": 0.7136602401733398,
  "NT": 0.29884105920791626,
  "nasal_tip": 0.37351199984550476
}