{
  "thalami": 0.8564931750297546,
  "midbrain": 0.6907123327255249,
  "CM": 0.6387210488319397,
  "IT": 0.603011429309845,
  "nasal_tip": 0.5854722261428833,
  "nasal_skin": 0.5851516127586365,
  "NT": 0.4527696371078491
}