{
  "midbrain": 0.7802714705467224,
  "IT": 0.7682971358299255,
  "NT": 0.5948687195777893,
  "thalami": 0.5550068020820618,
  "nasal_tip": 0.427020788192749,
  "CM": 0.36530986428260803
}