{
  "IT": 0.5758323073387146,
  "thalami": 0.5399075150489807,
  "nasal_tip": 0.5172196626663208,
  "midbrain": 0.5113653540611267,
  "NT": 0.2605450451374054
}