{
  "midbrain": 0.8044216632843018,
  "thalami": 0.7387242913246155,
  "CM": 0.6708216667175293,
  "IT": 0.6126344799995422,
  "NT": 0.43256497383117676,
  "nasal_tip": 0.3544773757457733
}