{
  "thalami": 0.8203678131103516,
  "midbrain": 0.8168926239013672,
  "IT": 0.7702125310897827,
  "CM": 0.7179475426673889,
  "nasal_tip": 0.3751722276210785,
  "NT": 0.3578492999076843
}