{
  "thalami": 0.6594047546386719,
  "midbrain": 0.2595445513725281,
  "NT": 0.5163931846618652,
  "CM": 0.3156185448169708,
  "IT": 0.3644494414329529,
  "nasal_tip": 0.2542783319950104
}