{
  "IT": 0.7409340739250183,
  "midbrain": 0.7344368100166321,
  "thalami": 0.5376459360122681,
  "nasal_tip": 0.5067079663276672,
  "CM": 0.38942405581474304
}