{
  "midbrain": 0.7121389508247375,
  "thalami": 0.6450727581977844,
  "IT": 0.3496502637863159
}