{
  "thalami": 0.8299682140350342,
  "midbrain": 0.779208779335022,
  "IT": 0.7338582873344421,
  "CM": 0.6442229151725769,
  "nasal_tip": 0.36822107434272766
}