{
  "midbrain": 0.7538455724716187,
  "thalami": 0.6077415943145752,
  "NT": 0.525235652923584,
  "IT": 0.5072864890098572,
  "CM": 0.38875260949134827
}