{
  "CM": 0.8486314415931702,
  "midbrain": 0.8116143345832825,
  "IT": 0.7875891923904419,
  "thalami": 0.7535867094993591,
  "NT": 0.5032033324241638
}