{
  "thalami": 0.7701590657234192,
  "nasal_skin": 0.7333345413208008,
  "nasal_tip": 0.6959550380706787,
  "midbrain": 0.6450450420379639,
  "CM": 0.3304435610771179,
  "IT": 0.2962276041507721,
  "NT": 0.34677523374557495
}