{
  "thalami": 0.8635956645011902,
  "midbrain": 0.6247388124465942,
  "NT": 0.6007909774780273,
  "nasal_skin": 0.5145453810691833,
  "IT": 0.44002747535705566,
  "nasal_tip": 0.3574831783771515,
  "CM": 0.30014804005622864
}