{
  "midbrain": 0.7512960433959961,
  "thalami": 0.7460219264030457,
  "CM": 0.29647520184516907,
  "IT": 0.3315294086933136,
  "nasal_tip": 0.4511517882347107,
  "NT": 0.27585160732269287,
  "nasal_skin": 0.38215136528015137
}