{
  "IT": 0.7285827398300171,
  "midbrain": 0.6479853391647339,
  "thalami": 0.5912325978279114,
  "NT": 0.40450388193130493,
  "CM": 0.3731755316257477,
  "nasal_tip": 0.35132065415382385
}