{
  "thalami": 0.8447669744491577,
  "midbrain": 0.7851116061210632,
  "IT": 0.734997570514679,
  "CM": 0.666607677936554,
  "nasal_tip": 0.25260022282600403
}