{
  "thalami": 0.63621586561203,
  "IT": 0.3845963180065155,
  "NT": 0.3481685221195221,
  "nasal_tip": 0.31051793694496155
}