{
  "midbrain": 0.7381262183189392,
  "thalami": 0.7281208038330078,
  "CM": 0.7122268676757812,
  "IT": 0.6739602088928223,
  "nasal_tip": 0.5262284278869629,
  "NT": 0.25622621178627014,
  "nasal_skin": 0.2786765992641449
}