{
  "thalami": 0.6207596659660339,
  "IT": 0.5312806367874146,
  "CM": 0.4173041880130768,
  "midbrain": 0.3269496560096741,
  "NT": 0.27333471179008484
}