{
  "midbrain": 0.741195023059845,
  "IT": 0.6897730827331543,
  "thalami": 0.6335187554359436,
  "CM": 0.4092141091823578
}