{
  "NT": 0.3383271098136902,
  "IT": 0.3188121020793915,
  "nasal_tip": 0.32350385189056396,
  "thalami": 0.26761680841445923
}