{
  "midbrain": 0.8575554490089417,
  "thalami": 0.8541352152824402,
  "IT": 0.8006436228752136,
  "nasal_tip": 0.43340736627578735,
  "nasal_skin": 0.3539762794971466,
  "CM": 0.2875504791736603
}