{
  "thalami": 0.8946437239646912,
  "midbrain": 0.8198228478431702,
  "CM": 0.6105761528015137,
  "IT": 0.6588935256004333,
  "nasal_tip": 0.4898793697357178,
  "NT": 0.4358774423599243,
  "nasal_skin": 0.26171934604644775
}