{
  "thalami": 0.809783399105072,
  "midbrain": 0.8010191321372986,
  "IT": 0.6401218771934509,
  "NT": 0.42673563957214355,
  "CM": 0.2639346122741699,
  "nasal_tip": 0.3791826069355011
}