{
  "midbrain": 0.7025282382965088,
  "thalami": 0.5603609681129456,
  "IT": 0.5206460356712341,
  "CM": 0.49652963876724243,
  "NT": 0.45467400550842285,
  "nasal_tip": 0.2891799211502075
}