{
  "midbrain": 0.8220854997634888,
  "thalami": 0.8157325983047485,
  "IT": 0.7687001824378967,
  "nasal_tip": 0.5259464383125305,
  "CM": 0.43027734756469727,
  "NT": 0.3288983404636383
}