{
  "nasal_skin": 0.726628303527832,
  "thalami": 0.6779510378837585,
  "midbrain": 0.6702569723129272,
  "IT": 0.45516547560691833
}