{
  "midbrain": 0.6836495399475098,
  "thalami": 0.5819289088249207,
  "CM": 0.5722148418426514,
  "IT": 0.4707283079624176
}