{
  "thalami": 0.8553392291069031,
  "nasal_skin": 0.7274845242500305,
  "midbrain": 0.6975448727607727,
  "NT": 0.6747356653213501,
  "IT": 0.2970705032348633,
  "CM": 0.6012278199195862,
  "nasal_tip": 0.28602978587150574
}