{
  "thalami": 0.8505997657775879,
  "midbrain": 0.7519827485084534,
  "IT": 0.690815806388855,
  "CM": 0.6189860701560974,
  "NT": 0.52359938621521,
  "nasal_tip": 0.2687346637248993
}