{
  "IT": 0.7717567086219788,
  "thalami": 0.7346025109291077,
  "midbrain": 0.712503969669342,
  "CM": 0.5935020446777344,
  "NT": 0.5196363925933838
}