{
  "thalami": 0.755540132522583,
  "IT": 0.7447085380554199,
  "midbrain": 0.6620891094207764,
  "NT": 0.6137185096740723
}