{
  "CM": 0.8098183870315552,
  "thalami": 0.6988383531570435,
  "IT": 0.6684572696685791,
  "NT": 0.5433966517448425,
  "midbrain": 0.5052297711372375
}