{
  "thalami": 0.8462582230567932,
  "CM": 0.776581883430481,
  "IT": 0.6370351910591125,
  "midbrain": 0.3551808297634125,
  "nasal_tip": 0.6115883588790894,
  "nasal_skin": 0.524583101272583
}