{
  "thalami": 0.5693708062171936,
  "midbrain": 0.4776947796344757,
  "NT": 0.4077744781970978,
  "IT": 0.33228352665901184,
  "nasal_skin": 0.33138740062713623,
  "nasal_tip": 0.2988581359386444
}