{
  "thalami": 0.8698306679725647,
  "midbrain": 0.8585208654403687,
  "CM": 0.8071669340133667,
  "IT": 0.7411990165710449,
  "NT": 0.6024534702301025,
  "nasal_tip": 0.27293768525123596
}