{
  "CM": 0.7538259029388428,
  "midbrain": 0.7295124530792236,
  "IT": 0.49499693512916565,
  "thalami": 0.48815658688545227,
  "NT": 0.26853734254837036,
  "nasal_tip": 0.2605290710926056
}