{
  "thalami": 0.7740440368652344,
  "midbrain": 0.723966121673584,
  "CM": 0.680237352848053,
  "IT": 0.6612110137939453,
  "NT": 0.4674288332462311
}