{
  "IT": 0.7533940076828003,
  "thalami": 0.7394788265228271,
  "midbrain": 0.5611260533332825,
  "CM": 0.5042490363121033
}