{
  "CM": 0.7001267075538635,
  "nasal_skin": 0.6770337820053101,
  "IT": 0.6723781228065491,
  "thalami": 0.6308541893959045,
  "nasal_tip": 0.4767632782459259
}