{
  "thalami": 0.7268874049186707,
  "midbrain": 0.712117075920105,
  "IT": 0.4863370656967163,
  "NT": 0.46274107694625854,
  "nasal_tip": 0.450754851102829,
  "CM": 0.3612036406993866
}