{
  "midbrain": 0.836107075214386,
  "thalami": 0.7959209680557251,
  "IT": 0.6251389384269714,
  "nasal_tip": 0.5338576436042786,
  "CM": 0.4521893560886383,
  "nasal_skin": 0.4252960979938507,
  "NT": 0.25332963466644287
}