{
  "IT": 0.6782480478286743,
  "thalami": 0.5953831672668457,
  "NT": 0.5140715837478638,
  "midbrain": 0.38378041982650757,
  "nasal_tip": 0.351495623588562
}