{
  "thalami": 0.7398593425750732,
  "midbrain": 0.7105698585510254,
  "IT": 0.28979742527008057,
  "NT": 0.29316380620002747
}