{
  "thalami": 0.8559675812721252,
  "IT": 0.7871323227882385,
  "midbrain": 0.7619407773017883,
  "CM": 0.7313598394393921,
  "NT": 0.5959159731864929
}