{
  "thalami": 0.7379851937294006,
  "IT": 0.7180262804031372,
  "midbrain": 0.6927424669265747,
  "NT": 0.4062404930591583,
  "CM": 0.5050778985023499,
  "nasal_tip": 0.469991534948349,
  "nasal_skin": 0.3469761610031128
}