{
  "IT": 0.7371025681495667,
  "thalami": 0.708134114742279,
  "midbrain": 0.6390150189399719,
  "nasal_tip": 0.3995773196220398,
  "CM": 0.4905967116355896,
  "NT": 0.36419790983200073
}