{
  "IT": 0.7321791052818298,
  "thalami": 0.7168452739715576,
  "midbrain": 0.6493750214576721,
  "NT": 0.5798307657241821,
  "nasal_tip": 0.4032159149646759,
  "CM": 0.31053510308265686
}