{
  "midbrain": 0.8467792868614197,
  "thalami": 0.8050145506858826,
  "IT": 0.5772898197174072,
  "nasal_tip": 0.4692402482032776,
  "nasal_skin": 0.339077889919281,
  "CM": 0.2754916250705719
}