{
  "midbrain": 0.6900571584701538,
  "thalami": 0.6186665892601013,
  "IT": 0.5690209269523621,
  "CM": 0.501694917678833,
  "NT": 0.4479915499687195,
  "nasal_tip": 0.3128339648246765
}