{
  "thalami": 0.6333962678909302,
  "NT": 0.5989644527435303,
  "nasal_tip": 0.44827625155448914,
  "midbrain": 0.2683846056461334,
  "nasal_skin": 0.2610164284706116
}