{
  "thalami": 0.7988319396972656,
  "midbrain": 0.6508787274360657,
  "IT": 0.5399982333183289,
  "NT": 0.4141418933868408
}