{
  "thalami": 0.8237274289131165,
  "IT": 0.7439624667167664,
  "NT": 0.7125182747840881,
  "CM": 0.5978995561599731,
  "midbrain": 0.5596609711647034,
  "nasal_tip": 0.4210805296897888
}