{
  "thalami": 0.8313375115394592,
  "midbrain": 0.7369943857192993,
  "IT": 0.7132112383842468,
  "CM": 0.7066688537597656,
  "NT": 0.3990570306777954
}