{
  "thalami": 0.7366315722465515,
  "IT": 0.7284509539604187,
  "midbrain": 0.6444882154464722,
  "CM": 0.6056787967681885,
  "nasal_tip": 0.30499622225761414
}