{
  "thalami": 0.7154616713523865,
  "midbrain": 0.588361918926239,
  "IT": 0.3787444531917572,
  "nasal_tip": 0.2834562361240387,
  "NT": 0.2597271502017975
}