{
  "thalami": 0.7843317985534668,
  "nasal_tip": 0.7605238556861877,
  "IT": 0.7095762491226196,
  "midbrain": 0.6825053095817566,
  "CM": 0.6445249319076538,
  "nasal_skin": 0.49717622995376587,
  "NT": 0.31960389018058777
}