{
  "thalami": 0.7555115818977356,
  "midbrain": 0.7468949556350708,
  "IT": 0.7456030249595642,
  "CM": 0.35418587923049927
}