{
  "midbrain": 0.7268137335777283,
  "thalami": 0.6740362048149109,
  "IT": 0.6693958640098572,
  "CM": 0.6549059748649597,
  "NT": 0.4725227653980255
}