{
  "nasal_skin": 0.3274441659450531,
  "thalami": 0.84259432554245,
  "CM": 0.8193926811218262,
  "NT": 0.642512857913971,
  "IT": 0.6274818778038025,
  "midbrain": 0.5983770489692688,
  "nasal_tip": 0.2552042603492737
}