{
  "IT": 0.8000680804252625,
  "thalami": 0.7123056650161743,
  "midbrain": 0.6909852623939514,
  "nasal_tip": 0.5790208578109741,
  "CM": 0.31390899419784546,
  "NT": 0.30632123351097107
}