{
  "thalami": 0.8259520530700684,
  "midbrain": 0.7785407900810242,
  "IT": 0.6567094326019287,
  "CM": 0.6405919790267944,
  "NT": 0.26554054021835327
}