{
  "NT": 0.6036824584007263,
  "thalami": 0.5864030122756958,
  "nasal_tip": 0.5109073519706726,
  "IT": 0.3357388973236084
}