{
  "thalami": 0.7624846696853638,
  "midbrain": 0.7442018389701843,
  "IT": 0.4555228352546692,
  "NT": 0.38246235251426697,
  "nasal_tip": 0.3050641417503357
}