{
  "thalami": 0.8719804286956787,
  "IT": 0.8222022652626038,
  "CM": 0.7743428349494934,
  "midbrain": 0.6687785983085632,
  "NT": 0.4601767361164093,
  "nasal_skin": 0.3091658651828766
}