{
  "thalami": 0.8377514481544495,
  "midbrain": 0.7507046461105347,
  "IT": 0.4563581645488739,
  "CM": 0.42975911498069763,
  "nasal_tip": 0.4236908555030823,
  "NT": 0.2807803153991699
}