{
  "thalami": 0.7832358479499817,
  "IT": 0.7821962237358093,
  "midbrain": 0.7043411135673523,
  "NT": 0.6665192246437073,
  "CM": 0.4650135338306427,
  "nasal_tip": 0.458353191614151
}