{
  "thalami": 0.7219184041023254,
  "IT": 0.6774775385856628,
  "CM": 0.6433006525039673,
  "NT": 0.538855254650116,
  "midbrain": 0.44629597663879395
}