{
  "thalami": 0.8641189932823181,
  "midbrain": 0.7850253582000732,
  "CM": 0.634082555770874,
  "IT": 0.45369675755500793,
  "nasal_tip": 0.41049060225486755
}