{
  "thalami": 0.818356454372406,
  "CM": 0.7917380332946777,
  "midbrain": 0.749161958694458,
  "IT": 0.5924957394599915,
  "NT": 0.3929435908794403
}