{
  "IT": 0.8517507910728455,
  "CM": 0.8234959840774536,
  "midbrain": 0.6968380212783813,
  "thalami": 0.34000012278556824,
  "NT": 0.2704817056655884
}