{
  "NT": 0.6044023633003235,
  "thalami": 0.5742847323417664,
  "IT": 0.5704607963562012,
  "midbrain": 0.45812687277793884,
  "CM": 0.4334799647331238,
  "nasal_tip": 0.27995821833610535,
  "nasal_skin": 0.2656785547733307
}