{
  "midbrain": 0.7940035462379456,
  "IT": 0.7931609749794006,
  "thalami": 0.7755150198936462,
  "CM": 0.5163858532905579,
  "NT": 0.33885183930397034,
  "nasal_tip": 0.4086375832557678
}