{
  "IT": 0.7795715928077698,
  "midbrain": 0.7186971306800842,
  "thalami": 0.7160881161689758,
  "CM": 0.2672550082206726,
  "NT": 0.43598756194114685,
  "nasal_tip": 0.2639863193035126
}