{
  "thalami": 0.7366979718208313,
  "midbrain": 0.5880468487739563,
  "CM": 0.5635583400726318,
  "IT": 0.46622565388679504,
  "nasal_tip": 0.4169347882270813
}