{
  "thalami": 0.7300205826759338,
  "nasal_tip": 0.6440427303314209,
  "midbrain": 0.534558892250061,
  "IT": 0.533815860748291,
  "CM": 0.3412646949291229,
  "nasal_skin": 0.31455492973327637
}