{
  "IT": 0.759972870349884,
  "thalami": 0.7411379218101501,
  "midbrain": 0.664672315120697,
  "CM": 0.4225553572177887,
  "nasal_tip": 0.34206417202949524
}