{
  "thalami": 0.7235004305839539,
  "CM": 0.5399460792541504,
  "IT": 0.5397284030914307,
  "midbrain": 0.26987603306770325,
  "nasal_tip": 0.4215514063835144,
  "NT": 0.4028954803943634
}