{
  "midbrain": 0.8328957557678223,
  "thalami": 0.8059333562850952,
  "IT": 0.7356619834899902,
  "NT": 0.49817386269569397,
  "nasal_skin": 0.3694774806499481,
  "nasal_tip": 0.26613855361938477
}