{
  "thalami": 0.8038730025291443,
  "midbrain": 0.744869589805603,
  "IT": 0.7008990049362183,
  "CM": 0.6976521611213684,
  "NT": 0.49589070677757263,
  "nasal_tip": 0.44756075739860535,
  "nasal_skin": 0.434632807970047
}