{
  "thalami": 0.8540579080581665,
  "IT": 0.6734796762466431,
  "midbrain": 0.6274557709693909,
  "NT": 0.4750385582447052,
  "CM": 0.3067399561405182,
  "nasal_tip": 0.31201452016830444
}