{
  "thalami": 0.761344313621521,
  "IT": 0.7002542018890381,
  "midbrain": 0.6859207153320312,
  "CM": 0.6038432717323303,
  "NT": 0.5192987322807312
}