{
  "thalami": 0.8522537350654602,
  "midbrain": 0.7718231678009033,
  "IT": 0.7172741889953613,
  "CM": 0.6869679689407349,
  "nasal_tip": 0.5103861689567566,
  "NT": 0.3779706060886383
}