{
  "midbrain": 0.6953123807907104,
  "thalami": 0.6670814156532288,
  "nasal_skin": 0.6004253625869751,
  "nasal_tip": 0.39458295702934265
}