{
  "IT": 0.7134941816329956,
  "thalami": 0.7113878130912781,
  "midbrain": 0.6083002686500549,
  "CM": 0.533263087272644,
  "nasal_tip": 0.27343642711639404,
  "NT": 0.2621611952781677
}