{
  "thalami": 0.7037398219108582,
  "midbrain": 0.6941626071929932,
  "CM": 0.6429581046104431,
  "IT": 0.6297850012779236,
  "nasal_tip": 0.4842619299888611,
  "NT": 0.3811391294002533,
  "nasal_skin": 0.295875608921051
}