{
  "midbrain": 0.8175111413002014,
  "IT": 0.7957582473754883,
  "thalami": 0.7693412899971008,
  "CM": 0.7095199823379517,
  "NT": 0.5190876126289368,
  "nasal_tip": 0.46011072397232056,
  "nasal_skin": 0.4319267272949219
}