{
  "CM": 0.8274812698364258,
  "midbrain": 0.801751434803009,
  "thalami": 0.783862292766571,
  "nasal_tip": 0.5858559012413025,
  "IT": 0.44613203406333923,
  "NT": 0.2595335841178894
}