{
  "IT": 0.8001348376274109,
  "CM": 0.761050820350647,
  "midbrain": 0.748924970626831,
  "thalami": 0.7400676012039185,
  "nasal_tip": 0.569014847278595
}