{
  "CM": 0.7514656186103821,
  "thalami": 0.6963421702384949,
  "midbrain": 0.5842829942703247,
  "nasal_tip": 0.5023128986358643,
  "NT": 0.3850497603416443,
  "IT": 0.3206949532032013,
  "nasal_skin": 0.27824148535728455
}