{
  "IT": 0.838182806968689,
  "midbrain": 0.7725974917411804,
  "thalami": 0.7404086589813232,
  "CM": 0.6886271238327026,
  "nasal_tip": 0.43799299001693726
}