{
  "midbrain": 0.7583163380622864,
  "IT": 0.6975966691970825,
  "thalami": 0.6639426350593567,
  "CM": 0.6170318126678467,
  "nasal_tip": 0.39027562737464905
}