{
  "midbrain": 0.7081423997879028,
  "IT": 0.6691697835922241,
  "thalami": 0.6335198879241943,
  "nasal_tip": 0.5561625361442566,
  "CM": 0.36083629727363586,
  "NT": 0.30614060163497925
}