{
  "thalami": 0.5601328015327454,
  "nasal_tip": 0.4246356785297394,
  "NT": 0.39460277557373047,
  "IT": 0.38164418935775757,
  "nasal_skin": 0.3043402135372162,
  "midbrain": 0.3030436933040619
}