{
  "CM": 0.3721608817577362,
  "IT": 0.2539760172367096
}