{
  "midbrain": 0.7941054701805115,
  "IT": 0.7899343371391296,
  "thalami": 0.7396582961082458,
  "nasal_tip": 0.648426353931427,
  "CM": 0.6349021792411804
}