{
  "thalami": 0.8499916195869446,
  "midbrain": 0.8046051859855652,
  "IT": 0.6844397783279419,
  "nasal_tip": 0.5919181108474731,
  "NT": 0.32189345359802246,
  "CM": 0.29721707105636597
}