{
  "thalami": 0.8191686272621155,
  "midbrain": 0.7348658442497253,
  "IT": 0.698664665222168,
  "NT": 0.3045601546764374,
  "nasal_tip": 0.27160680294036865
}