{
  "thalami": 0.8093494176864624,
  "midbrain": 0.7525829076766968,
  "CM": 0.7423744797706604,
  "IT": 0.3938775956630707,
  "nasal_skin": 0.31496959924697876,
  "nasal_tip": 0.30892375111579895,
  "NT": 0.26521480083465576
}