{
  "IT": 0.8196728229522705,
  "thalami": 0.7820931673049927,
  "midbrain": 0.7752720713615417,
  "CM": 0.5677533745765686,
  "nasal_tip": 0.49749302864074707,
  "NT": 0.33545151352882385,
  "nasal_skin": 0.2780570685863495
}