{
  "thalami": 0.7325546741485596,
  "midbrain": 0.6797241568565369,
  "IT": 0.6555875539779663,
  "CM": 0.5064202547073364,
  "NT": 0.5037254691123962,
  "nasal_skin": 0.43697139620780945,
  "nasal_tip": 0.41259461641311646
}