{
  "thalami": 0.8360634446144104,
  "IT": 0.7609615921974182,
  "midbrain": 0.7517195343971252,
  "CM": 0.4552828371524811
}