{
  "IT": 0.8138624429702759,
  "midbrain": 0.7440956234931946,
  "thalami": 0.7090933322906494,
  "CM": 0.3041391670703888
}