{
  "thalami": 0.8175472617149353,
  "IT": 0.7896991968154907,
  "midbrain": 0.7807952165603638,
  "CM": 0.5483525395393372,
  "nasal_tip": 0.40579017996788025,
  "NT": 0.31376054883003235,
  "nasal_skin": 0.2634516954421997
}