{
  "IT": 0.8108289241790771,
  "thalami": 0.2822464108467102,
  "CM": 0.6975439190864563,
  "midbrain": 0.6927508115768433,
  "nasal_skin": 0.48287060856819153,
  "NT": 0.4728129208087921,
  "nasal_tip": 0.29606518149375916
}