{
  "midbrain": 0.8033151626586914,
  "IT": 0.7104209661483765,
  "thalami": 0.6549688577651978,
  "nasal_tip": 0.564506471157074,
  "CM": 0.5454826354980469,
  "NT": 0.4700949788093567
}