{
  "thalami": 0.7518579959869385,
  "nasal_skin": 0.6816641092300415,
  "CM": 0.6581701636314392,
  "nasal_tip": 0.5109633803367615,
  "midbrain": 0.47501811385154724,
  "IT": 0.34642359614372253,
  "NT": 0.26677435636520386
}