{
  "thalami": 0.7194793224334717,
  "IT": 0.6077770590782166,
  "midbrain": 0.4322085976600647,
  "CM": 0.2826542258262634
}