{
  "IT": 0.7060269713401794,
  "CM": 0.5065149068832397,
  "thalami": 0.427556574344635,
  "NT": 0.27879807353019714
}