{
  "midbrain": 0.7795844674110413,
  "thalami": 0.6506927013397217,
  "IT": 0.5642827749252319,
  "CM": 0.47734951972961426,
  "nasal_tip": 0.41000238060951233,
  "NT": 0.29631975293159485
}