{
  "thalami": 0.8217383027076721,
  "IT": 0.6478519439697266,
  "NT": 0.5479450821876526,
  "midbrain": 0.5263437628746033,
  "nasal_tip": 0.4291784167289734,
  "nasal_skin": 0.2831464111804962,
  "CM": 0.282716304063797
}