{
  "thalami": 0.8048071265220642,
  "midbrain": 0.6737105250358582,
  "CM": 0.2739424407482147,
  "nasal_skin": 0.4805941879749298,
  "NT": 0.4719964563846588,
  "nasal_tip": 0.4157381057739258,
  "IT": 0.3673376441001892
}