{
  "thalami": 0.845333456993103,
  "midbrain": 0.8043518662452698,
  "IT": 0.6624836921691895,
  "CM": 0.623658299446106,
  "nasal_tip": 0.5833998918533325,
  "NT": 0.4652544856071472
}