{
  "IT": 0.7459367513656616,
  "midbrain": 0.7128472924232483,
  "thalami": 0.27708348631858826,
  "nasal_tip": 0.42027685046195984,
  "NT": 0.25217005610466003,
  "nasal_skin": 0.3425610065460205,
  "CM": 0.2507484555244446
}