{
  "thalami": 0.7115482091903687,
  "midbrain": 0.6927447319030762,
  "nasal_tip": 0.6185673475265503,
  "IT": 0.556738018989563
}