{
  "thalami": 0.8438883423805237,
  "midbrain": 0.7162882089614868,
  "CM": 0.556371808052063,
  "nasal_tip": 0.5283295512199402,
  "IT": 0.47392067313194275,
  "NT": 0.36035627126693726
}