{
  "midbrain": 0.7913742065429688,
  "thalami": 0.7791190147399902,
  "nasal_tip": 0.6213430166244507,
  "nasal_skin": 0.5213443040847778,
  "IT": 0.28558436036109924,
  "CM": 0.27340537309646606
}