{
  "thalami": 0.8068013191223145,
  "midbrain": 0.7972138524055481,
  "IT": 0.5076929330825806,
  "NT": 0.4523707628250122,
  "nasal_tip": 0.3215321898460388,
  "CM": 0.28494444489479065
}