{
  "thalami": 0.6712639331817627,
  "midbrain": 0.6051256656646729,
  "NT": 0.4974760413169861,
  "IT": 0.4597596824169159
}