{
  "thalami": 0.7312031388282776,
  "midbrain": 0.4802970588207245,
  "CM": 0.3570767343044281,
  "IT": 0.34548449516296387,
  "nasal_tip": 0.3074593245983124
}