{
  "midbrain": 0.6653905510902405,
  "IT": 0.497818261384964,
  "thalami": 0.4460090100765228,
  "NT": 0.3687845468521118
}