{
  "thalami": 0.7260205745697021,
  "IT": 0.6815019845962524,
  "nasal_skin": 0.5522397756576538,
  "NT": 0.26718252897262573,
  "midbrain": 0.3596399426460266,
  "CM": 0.37022072076797485,
  "nasal_tip": 0.3236405849456787
}