{
  "IT": 0.7530272006988525,
  "thalami": 0.7338806390762329,
  "midbrain": 0.6213425397872925,
  "CM": 0.5434127449989319,
  "NT": 0.5093362331390381,
  "nasal_tip": 0.3787323534488678
}