{
  "thalami": 0.763093113899231,
  "IT": 0.665919303894043,
  "midbrain": 0.6523069739341736,
  "CM": 0.4834267199039459,
  "nasal_tip": 0.2997639775276184
}