{
  "thalami": 0.834901750087738,
  "midbrain": 0.7637690305709839,
  "IT": 0.7380959391593933,
  "CM": 0.5106101632118225,
  "NT": 0.3050259053707123,
  "nasal_tip": 0.2745091915130615
}