{
  "thalami": 0.9161482453346252,
  "midbrain": 0.7508586645126343,
  "NT": 0.6402575969696045,
  "IT": 0.26718536019325256,
  "CM": 0.294560045003891,
  "nasal_tip": 0.5479859113693237
}