{
  "IT": 0.7400878071784973,
  "thalami": 0.6569988131523132,
  "nasal_tip": 0.6193089485168457,
  "CM": 0.5883270502090454,
  "midbrain": 0.549751341342926,
  "nasal_skin": 0.48809921741485596
}