{
  "thalami": 0.7381320595741272,
  "midbrain": 0.5543788075447083,
  "IT": 0.35416626930236816,
  "CM": 0.3865469992160797,
  "NT": 0.31237709522247314,
  "nasal_tip": 0.2740338444709778
}