{
  "thalami": 0.7476955056190491,
  "IT": 0.614993691444397,
  "CM": 0.5008530616760254,
  "midbrain": 0.3169630765914917,
  "nasal_tip": 0.297943115234375
}