{
  "thalami": 0.8133288025856018,
  "CM": 0.7953428030014038,
  "midbrain": 0.7794564962387085,
  "IT": 0.7520591616630554,
  "nasal_tip": 0.6727307438850403,
  "nasal_skin": 0.5874173641204834,
  "NT": 0.25796765089035034
}