{
  "thalami": 0.551166832447052,
  "IT": 0.5438211560249329,
  "midbrain": 0.42161843180656433,
  "NT": 0.4196018576622009,
  "nasal_tip": 0.3684656322002411,
  "CM": 0.2700021266937256
}