{
  "midbrain": 0.8218827843666077,
  "thalami": 0.7538535594940186,
  "IT": 0.6149553060531616,
  "CM": 0.3985186815261841,
  "NT": 0.3479510247707367
}