{
  "thalami": 0.7750261425971985,
  "midbrain": 0.76482093334198,
  "IT": 0.7573624849319458,
  "CM": 0.7569170594215393,
  "NT": 0.707704484462738,
  "nasal_tip": 0.46135780215263367,
  "nasal_skin": 0.3344951868057251
}