{
  "thalami": 0.8544208407402039,
  "midbrain": 0.7766371965408325,
  "IT": 0.6649363040924072,
  "CM": 0.5762848854064941,
  "nasal_tip": 0.47323334217071533,
  "NT": 0.4597163498401642,
  "nasal_skin": 0.4490245282649994
}