{
  "thalami": 0.8656681180000305,
  "midbrain": 0.8088212013244629,
  "IT": 0.8077458143234253,
  "CM": 0.7835099101066589,
  "nasal_skin": 0.5291020274162292,
  "NT": 0.31226688623428345,
  "nasal_tip": 0.38758257031440735
}