{
  "midbrain": 0.7913312315940857,
  "thalami": 0.7266057729721069,
  "IT": 0.6495028734207153,
  "NT": 0.40056750178337097,
  "CM": 0.3979041576385498,
  "nasal_tip": 0.33663105964660645
}