{
  "thalami": 0.7686019539833069,
  "CM": 0.7298423647880554,
  "IT": 0.7242705225944519,
  "midbrain": 0.5636544823646545,
  "NT": 0.5220458507537842,
  "nasal_tip": 0.3781276047229767
}