{
  "thalami": 0.8983592987060547,
  "midbrain": 0.8139292001724243,
  "IT": 0.4582393169403076,
  "NT": 0.4561903178691864,
  "CM": 0.45043468475341797
}