{
  "midbrain": 0.834795355796814,
  "thalami": 0.8251708745956421,
  "IT": 0.7875783443450928,
  "nasal_tip": 0.44156646728515625,
  "CM": 0.396420419216156
}