{
  "thalami": 0.8500486016273499,
  "IT": 0.8121465444564819,
  "midbrain": 0.799506664276123,
  "CM": 0.6103416681289673,
  "NT": 0.2539786100387573,
  "nasal_tip": 0.355069637298584
}