{
  "midbrain": 0.7842690348625183,
  "thalami": 0.7434325814247131,
  "CM": 0.7076634168624878,
  "NT": 0.5980951189994812,
  "IT": 0.555781364440918,
  "nasal_tip": 0.2965591549873352
}