{
  "CM": 0.6480485796928406,
  "thalami": 0.6102716326713562,
  "IT": 0.5797664523124695,
  "nasal_tip": 0.4745752811431885,
  "NT": 0.3382364511489868,
  "nasal_skin": 0.26330387592315674
}