{
  "CM": 0.32411277294158936,
  "nasal_skin": 0.5368784666061401,
  "IT": 0.4808550179004669,
  "thalami": 0.42352136969566345,
  "midbrain": 0.37951651215553284,
  "nasal_tip": 0.372907429933548,
  "NT": 0.3222264051437378
}