{
  "midbrain": 0.8238773345947266,
  "thalami": 0.7380461692810059,
  "IT": 0.6911860108375549,
  "CM": 0.589280903339386,
  "NT": 0.34472861886024475,
  "nasal_tip": 0.253773033618927
}