{
  "thalami": 0.7632501721382141,
  "CM": 0.7013628482818604,
  "NT": 0.5985326766967773,
  "nasal_skin": 0.5806128978729248,
  "midbrain": 0.5773331522941589,
  "IT": 0.2911933958530426,
  "nasal_tip": 0.5347667336463928
}