{
  "thalami": 0.844281792640686,
  "midbrain": 0.802987813949585,
  "IT": 0.7476317882537842,
  "CM": 0.5751157402992249,
  "NT": 0.49912333488464355,
  "nasal_tip": 0.39152178168296814
}