{
  "nasal_skin": 0.8689850568771362,
  "thalami": 0.8048556447029114,
  "midbrain": 0.7913312315940857,
  "IT": 0.5417038202285767,
  "nasal_tip": 0.5008766651153564,
  "CM": 0.2505095303058624
}