{
  "thalami": 0.8193488121032715,
  "CM": 0.807172954082489,
  "IT": 0.7597460746765137,
  "midbrain": 0.7217144966125488,
  "NT": 0.4297044575214386,
  "nasal_tip": 0.2688133716583252
}