{
  "CM": 0.6535871624946594,
  "midbrain": 0.6521933674812317,
  "IT": 0.5494739413261414,
  "thalami": 0.5186899900436401,
  "NT": 0.2801872491836548,
  "nasal_tip": 0.27712303400039673
}