{
  "thalami": 0.7469854950904846,
  "midbrain": 0.7272768616676331,
  "CM": 0.7202149033546448,
  "IT": 0.6771767735481262,
  "NT": 0.39576971530914307,
  "nasal_tip": 0.3919583559036255
}