{
  "IT": 0.7051571011543274,
  "thalami": 0.648171067237854,
  "midbrain": 0.5831403136253357,
  "CM": 0.5457805395126343,
  "NT": 0.46330317854881287
}