{
  "midbrain": 0.7582026720046997,
  "thalami": 0.7326392531394958,
  "IT": 0.609876811504364,
  "CM": 0.6096927523612976,
  "nasal_tip": 0.3424343168735504,
  "NT": 0.26542773842811584
}