{
  "midbrain": 0.8129936456680298,
  "IT": 0.7433437705039978,
  "thalami": 0.6833668947219849,
  "CM": 0.5152209401130676,
  "nasal_tip": 0.3031212389469147,
  "nasal_skin": 0.27603158354759216
}