{
  "thalami": 0.7292289733886719,
  "IT": 0.7103391289710999,
  "CM": 0.6024101972579956,
  "NT": 0.5190341472625732,
  "midbrain": 0.3865475654602051
}