{
  "thalami": 0.7799734473228455,
  "midbrain": 0.7487525939941406,
  "IT": 0.7368906736373901,
  "nasal_tip": 0.41413068771362305,
  "nasal_skin": 0.3704831302165985,
  "CM": 0.2623414099216461
}