{
  "thalami": 0.7069963216781616,
  "midbrain": 0.6331464648246765,
  "IT": 0.5215715765953064,
  "nasal_tip": 0.2967832088470459,
  "NT": 0.2815197706222534
}