{
  "thalami": 0.9108635783195496,
  "midbrain": 0.8119391798973083,
  "IT": 0.7030021548271179,
  "CM": 0.6389996409416199,
  "nasal_tip": 0.4212892949581146,
  "NT": 0.31791648268699646
}