{
  "thalami": 0.6030614972114563,
  "NT": 0.28372615575790405,
  "midbrain": 0.581680953502655,
  "nasal_skin": 0.5408509373664856,
  "CM": 0.47836747765541077,
  "IT": 0.4010322391986847
}