{
  "CM": 0.742057204246521,
  "thalami": 0.6835170388221741,
  "IT": 0.6464181542396545,
  "midbrain": 0.633655309677124
}