{
  "thalami": 0.847805917263031,
  "midbrain": 0.7857184410095215,
  "IT": 0.6254798769950867,
  "CM": 0.5698035359382629,
  "NT": 0.3948061168193817,
  "nasal_tip": 0.32704630494117737,
  "nasal_skin": 0.29454758763313293
}