{
  "thalami": 0.820244550704956,
  "midbrain": 0.8031160235404968,
  "IT": 0.7211429476737976,
  "CM": 0.29353657364845276
}