{
  "thalami": 0.7938434481620789,
  "IT": 0.7781349420547485,
  "midbrain": 0.6379936337471008,
  "NT": 0.3816090524196625,
  "CM": 0.2877117097377777
}