{
  "midbrain": 0.847917914390564,
  "thalami": 0.8002890944480896,
  "CM": 0.7461687922477722,
  "IT": 0.7195687890052795,
  "NT": 0.3258802890777588,
  "nasal_tip": 0.25029364228248596
}