{
  "thalami": 0.8261446356773376,
  "midbrain": 0.7430018186569214,
  "CM": 0.6235150694847107,
  "IT": 0.5356459021568298,
  "nasal_tip": 0.37010622024536133,
  "NT": 0.4375189244747162,
  "nasal_skin": 0.25621068477630615
}