{
  "midbrain": 0.8092250227928162,
  "thalami": 0.8061519265174866,
  "IT": 0.7589397430419922,
  "CM": 0.7313798666000366,
  "NT": 0.6631237864494324,
  "nasal_tip": 0.45604071021080017,
  "nasal_skin": 0.3367891013622284
}