{
  "thalami": 0.8756489157676697,
  "midbrain": 0.7884860038757324,
  "IT": 0.6748886704444885,
  "CM": 0.2807336151599884,
  "nasal_tip": 0.3452654480934143,
  "NT": 0.3135804831981659
}