{
  "IT": 0.6892099976539612,
  "midbrain": 0.6675952076911926,
  "CM": 0.6169536113739014,
  "thalami": 0.6144202351570129,
  "NT": 0.4844552278518677
}