{
  "thalami": 0.8283573389053345,
  "NT": 0.6161436438560486,
  "IT": 0.5644452571868896,
  "midbrain": 0.5315579771995544,
  "CM": 0.4665168821811676,
  "nasal_tip": 0.31188347935676575
}