{
  "midbrain": 0.8296995759010315,
  "IT": 0.7906141877174377,
  "thalami": 0.7011458873748779,
  "CM": 0.6111977100372314,
  "NT": 0.397439181804657,
  "nasal_tip": 0.2622264325618744
}