{
  "thalami": 0.8679272532463074,
  "IT": 0.6194355487823486,
  "midbrain": 0.602661669254303,
  "nasal_tip": 0.5701043605804443,
  "nasal_skin": 0.2703210413455963,
  "NT": 0.3017558157444,
  "CM": 0.25754255056381226
}