{
  "thalami": 0.8254323601722717,
  "IT": 0.7964330315589905,
  "midbrain": 0.7723967432975769,
  "NT": 0.5710473656654358,
  "CM": 0.5467690825462341,
  "nasal_tip": 0.4311792552471161
}