{
  "thalami": 0.8375858068466187,
  "IT": 0.803667426109314,
  "midbrain": 0.7961984276771545,
  "NT": 0.45443645119667053
}