{
  "thalami": 0.6623971462249756,
  "IT": 0.46929702162742615,
  "nasal_tip": 0.4597833752632141,
  "nasal_skin": 0.3808974325656891
}