{
  "CM": 0.6725146770477295,
  "IT": 0.5182337760925293,
  "thalami": 0.441466748714447,
  "NT": 0.3594343960285187,
  "nasal_tip": 0.35273417830467224,
  "midbrain": 0.3063036799430847
}