{
  "midbrain": 0.8384367823600769,
  "thalami": 0.8158313632011414,
  "IT": 0.641975998878479,
  "NT": 0.6276106834411621,
  "nasal_tip": 0.5393654108047485
}