{
  "thalami": 0.7676655054092407,
  "midbrain": 0.6980264186859131,
  "IT": 0.6834033727645874,
  "CM": 0.5696083307266235,
  "nasal_tip": 0.3767344057559967,
  "NT": 0.32843276858329773
}