{
  "thalami": 0.716969907283783,
  "IT": 0.6621019244194031,
  "midbrain": 0.658115029335022,
  "CM": 0.5288485288619995
}