{
  "thalami": 0.8284825682640076,
  "IT": 0.8260652422904968,
  "midbrain": 0.7764247059822083,
  "CM": 0.3108052909374237,
  "NT": 0.36235275864601135
}