{
  "thalami": 0.7708834409713745,
  "CM": 0.7510771751403809,
  "IT": 0.7336484789848328,
  "midbrain": 0.7252218127250671,
  "nasal_tip": 0.5074283480644226
}