{
  "thalami": 0.8084053993225098,
  "CM": 0.6773333549499512,
  "IT": 0.4826929569244385,
  "nasal_tip": 0.41835740208625793
}