{
  "thalami": 0.8105184435844421,
  "midbrain": 0.7358708381652832,
  "IT": 0.6930513381958008,
  "CM": 0.25274303555488586
}