{
  "midbrain": 0.7925719618797302,
  "IT": 0.6864835619926453,
  "thalami": 0.6735314726829529,
  "CM": 0.43781596422195435,
  "nasal_tip": 0.3082713782787323,
  "NT": 0.25033122301101685
}