{
  "thalami": 0.8784679174423218,
  "midbrain": 0.8193959593772888,
  "IT": 0.7270092964172363,
  "NT": 0.625129759311676,
  "CM": 0.6060395836830139,
  "nasal_tip": 0.48073887825012207,
  "nasal_skin": 0.2864867150783539
}