{
  "midbrain": 0.738444983959198,
  "thalami": 0.7276284098625183,
  "IT": 0.6167733073234558
}