{
  "midbrain": 0.7909280061721802,
  "thalami": 0.7452818155288696,
  "IT": 0.6884853839874268,
  "CM": 0.41931241750717163,
  "nasal_tip": 0.32760441303253174
}