{
  "CM": 0.7738455533981323,
  "IT": 0.7663421630859375,
  "midbrain": 0.7456896305084229,
  "thalami": 0.7279448509216309,
  "NT": 0.4564805030822754,
  "nasal_tip": 0.4652353823184967,
  "nasal_skin": 0.38496407866477966
}