{
  "thalami": 0.7994778156280518,
  "IT": 0.7357239127159119,
  "nasal_skin": 0.633552610874176,
  "midbrain": 0.5979878306388855,
  "CM": 0.4714967608451843,
  "nasal_tip": 0.34043121337890625
}