{
  "thalami": 0.7730589509010315,
  "IT": 0.7255605459213257,
  "midbrain": 0.6911511421203613,
  "CM": 0.5780225396156311,
  "nasal_tip": 0.3770642876625061,
  "NT": 0.28920307755470276
}