{
  "thalami": 0.834208071231842,
  "midbrain": 0.6456882357597351,
  "IT": 0.6109112501144409,
  "CM": 0.6001913547515869,
  "NT": 0.283498078584671,
  "nasal_skin": 0.38551315665245056,
  "nasal_tip": 0.3615892827510834
}