{
  "thalami": 0.6993257999420166,
  "NT": 0.6812678575515747,
  "midbrain": 0.6745954751968384,
  "IT": 0.6346213817596436,
  "CM": 0.4679616093635559,
  "nasal_skin": 0.2758532464504242
}