{
  "thalami": 0.8502786755561829,
  "CM": 0.7726630568504333,
  "IT": 0.7141610383987427,
  "midbrain": 0.6273512244224548,
  "nasal_tip": 0.42738598585128784
}