{
  "midbrain": 0.7281476259231567,
  "IT": 0.6986684799194336,
  "thalami": 0.6511241793632507,
  "nasal_skin": 0.528667688369751,
  "CM": 0.2628316581249237,
  "NT": 0.30167335271835327
}