{
  "IT": 0.8422943353652954,
  "thalami": 0.6800553798675537,
  "midbrain": 0.6428065896034241,
  "CM": 0.6227087378501892,
  "NT": 0.5816182494163513,
  "nasal_tip": 0.5288237929344177
}