{
  "midbrain": 0.6172206997871399,
  "IT": 0.6122480630874634,
  "thalami": 0.5620574951171875,
  "NT": 0.37452512979507446,
  "nasal_tip": 0.3522289991378784,
  "CM": 0.3433387279510498
}