{
  "thalami": 0.6950621604919434,
  "NT": 0.519130527973175,
  "IT": 0.4860532879829407,
  "midbrain": 0.3411409854888916
}