{
  "thalami": 0.8256692290306091,
  "midbrain": 0.7617049217224121,
  "CM": 0.6205039620399475,
  "IT": 0.5407422184944153,
  "NT": 0.4388522505760193,
  "nasal_skin": 0.27933424711227417
}