{
  "IT": 0.6833922266960144,
  "CM": 0.29245319962501526,
  "thalami": 0.6291947364807129,
  "nasal_skin": 0.5961714386940002,
  "NT": 0.5934276580810547,
  "midbrain": 0.5923764705657959,
  "nasal_tip": 0.43846532702445984
}