{
  "midbrain": 0.7910298109054565,
  "thalami": 0.7455827593803406,
  "IT": 0.7257993221282959,
  "CM": 0.5492220520973206,
  "NT": 0.5459033846855164,
  "nasal_tip": 0.3067200779914856
}