{
  "thalami": 0.8699265122413635,
  "midbrain": 0.7943329811096191,
  "CM": 0.7929635047912598,
  "IT": 0.6568399667739868
}