{
  "thalami": 0.778113603591919,
  "midbrain": 0.7682420015335083,
  "IT": 0.7057024240493774,
  "CM": 0.6788408756256104,
  "NT": 0.4745669662952423,
  "nasal_skin": 0.4298516809940338,
  "nasal_tip": 0.3183644711971283
}