{
  "CM": 0.6048719882965088,
  "midbrain": 0.5900236964225769,
  "nasal_tip": 0.5739927887916565,
  "IT": 0.5735071897506714,
  "thalami": 0.5339710712432861,
  "nasal_skin": 0.516783595085144,
  "NT": 0.43463200330734253
}