{
  "thalami": 0.88282310962677,
  "midbrain": 0.7970958352088928,
  "nasal_tip": 0.5665085315704346,
  "IT": 0.49279552698135376,
  "nasal_skin": 0.5029475688934326,
  "CM": 0.2904605269432068,
  "NT": 0.26618483662605286
}