{
  "midbrain": 0.7839786410331726,
  "thalami": 0.7137506604194641,
  "IT": 0.6998268961906433,
  "CM": 0.5468700528144836,
  "NT": 0.309368371963501,
  "nasal_tip": 0.30889442563056946
}