{
  "midbrain": 0.7824239134788513,
  "IT": 0.7715635895729065,
  "thalami": 0.7670565843582153,
  "NT": 0.7511579394340515,
  "CM": 0.6125905513763428,
  "nasal_tip": 0.2658627927303314
}