{
  "IT": 0.7656418085098267,
  "thalami": 0.6673194169998169,
  "nasal_tip": 0.5249115228652954,
  "midbrain": 0.4862595796585083,
  "NT": 0.34868964552879333,
  "CM": 0.2841930687427521
}