{
  "thalami": 0.8206614255905151,
  "midbrain": 0.7023137211799622,
  "IT": 0.7004427909851074,
  "nasal_skin": 0.5798458456993103,
  "CM": 0.34869301319122314
}