{
  "midbrain": 0.7368991374969482,
  "thalami": 0.7260522842407227,
  "NT": 0.4457312226295471,
  "IT": 0.41817429661750793,
  "nasal_skin": 0.32939109206199646,
  "nasal_tip": 0.2526848614215851
}