{
  "thalami": 0.7777305841445923,
  "nasal_tip": 0.5578810572624207,
  "IT": 0.4806731641292572,
  "midbrain": 0.4341943860054016,
  "NT": 0.4034872055053711
}