{
  "thalami": 0.8681867718696594,
  "midbrain": 0.7974935173988342,
  "IT": 0.6422212719917297,
  "CM": 0.6021243929862976,
  "NT": 0.3712584972381592,
  "nasal_skin": 0.33744698762893677,
  "nasal_tip": 0.27622124552726746
}