{
  "thalami": 0.8578817248344421,
  "midbrain": 0.282380610704422,
  "IT": 0.522487223148346,
  "nasal_skin": 0.25111323595046997
}