{
  "midbrain": 0.7563124299049377,
  "thalami": 0.750932514667511,
  "IT": 0.694225549697876,
  "NT": 0.6664541959762573,
  "CM": 0.4713444709777832,
  "nasal_skin": 0.4632716476917267
}