{
  "midbrain": 0.8343574404716492,
  "thalami": 0.8208644986152649,
  "IT": 0.6650100350379944,
  "NT": 0.6323450803756714,
  "nasal_tip": 0.5190415978431702,
  "nasal_skin": 0.357313871383667,
  "CM": 0.3503078520298004
}