{
  "thalami": 0.7197057604789734,
  "IT": 0.521471381187439,
  "NT": 0.49285367131233215,
  "midbrain": 0.4312974512577057,
  "CM": 0.36617571115493774,
  "nasal_tip": 0.31515029072761536
}