{
  "thalami": 0.8618494868278503,
  "midbrain": 0.7546848654747009,
  "IT": 0.7460692524909973,
  "CM": 0.6183061003684998,
  "NT": 0.44716891646385193,
  "nasal_skin": 0.25879713892936707
}