{
  "thalami": 0.8061695098876953,
  "IT": 0.7170312404632568,
  "NT": 0.6996378302574158,
  "midbrain": 0.6582160592079163,
  "CM": 0.5925135016441345,
  "nasal_tip": 0.34422704577445984,
  "nasal_skin": 0.3256181478500366
}