{
  "thalami": 0.7417741417884827,
  "IT": 0.6429675221443176,
  "nasal_skin": 0.5814583897590637,
  "nasal_tip": 0.26187843084335327,
  "CM": 0.3666025698184967,
  "midbrain": 0.29668259620666504,
  "NT": 0.2602854371070862
}