{
  "thalami": 0.8388741612434387,
  "midbrain": 0.7613145112991333,
  "IT": 0.6122992634773254,
  "CM": 0.5465308427810669,
  "NT": 0.49816402792930603,
  "nasal_tip": 0.3333169221878052
}