{
  "thalami": 0.8781574964523315,
  "midbrain": 0.7793489098548889,
  "IT": 0.7460271120071411,
  "CM": 0.6087878346443176,
  "NT": 0.5594491958618164
}