{
  "thalami": 0.639176070690155,
  "NT": 0.6062403917312622,
  "IT": 0.3078030049800873
}