{
  "thalami": 0.7773213386535645,
  "midbrain": 0.7174416184425354,
  "nasal_tip": 0.6959441900253296,
  "IT": 0.5008895397186279,
  "nasal_skin": 0.4103325605392456
}