{
  "IT": 0.7653072476387024,
  "midbrain": 0.688012957572937,
  "thalami": 0.5465412735939026,
  "CM": 0.2928583025932312
}