{
  "thalami": 0.8322508931159973,
  "midbrain": 0.7701730728149414,
  "CM": 0.7358066439628601,
  "IT": 0.5826197266578674,
  "NT": 0.5481370091438293,
  "nasal_tip": 0.3918133080005646
}