{
  "thalami": 0.361585408449173,
  "IT": 0.7801063060760498,
  "nasal_skin": 0.6561418175697327,
  "nasal_tip": 0.6492611765861511,
  "CM": 0.2730618417263031,
  "midbrain": 0.44650721549987793
}