{
  "thalami": 0.755914032459259,
  "midbrain": 0.6989446878433228,
  "NT": 0.6654438376426697,
  "CM": 0.6417848467826843,
  "IT": 0.5557602047920227
}