{
  "thalami": 0.7876662611961365,
  "midbrain": 0.7805184721946716,
  "NT": 0.6057513356208801,
  "nasal_skin": 0.595460832118988,
  "IT": 0.549631655216217,
  "CM": 0.5271710157394409,
  "nasal_tip": 0.48352909088134766
}