{
  "midbrain": 0.7608429789543152,
  "thalami": 0.7310373783111572,
  "IT": 0.7296383380889893,
  "CM": 0.5831331014633179,
  "nasal_tip": 0.5792943835258484,
  "nasal_skin": 0.3652474582195282,
  "NT": 0.2925783097743988
}