{
  "IT": 0.7248877882957458,
  "CM": 0.7123916149139404,
  "thalami": 0.7045301198959351,
  "nasal_tip": 0.65753173828125,
  "midbrain": 0.6496135592460632,
  "NT": 0.4639396667480469
}