{
  "thalami": 0.8398085236549377,
  "midbrain": 0.7874276638031006,
  "CM": 0.6962641477584839,
  "NT": 0.6558173298835754,
  "IT": 0.6489883661270142,
  "nasal_tip": 0.4508591592311859
}