{
  "thalami": 0.8439479470252991,
  "midbrain": 0.7645389437675476,
  "nasal_skin": 0.6178632974624634,
  "NT": 0.38061124086380005,
  "nasal_tip": 0.3498716950416565
}