{
  "thalami": 0.841555118560791,
  "midbrain": 0.7380349040031433,
  "IT": 0.5067327618598938,
  "nasal_tip": 0.4689466655254364,
  "CM": 0.3404650390148163,
  "nasal_skin": 0.2681020200252533,
  "NT": 0.25544556975364685
}