{
  "midbrain": 0.6479578614234924,
  "thalami": 0.5794159770011902,
  "IT": 0.42859023809432983,
  "nasal_tip": 0.36759325861930847
}