{
  "midbrain": 0.8080058097839355,
  "thalami": 0.797145664691925,
  "IT": 0.5833836793899536,
  "NT": 0.3340441882610321
}