{
  "CM": 0.7452509999275208,
  "thalami": 0.7216012477874756,
  "midbrain": 0.7022814750671387,
  "IT": 0.6882175803184509,
  "nasal_skin": 0.5590519309043884,
  "nasal_tip": 0.3434916138648987,
  "NT": 0.3278653025627136
}