{
  "midbrain": 0.7043706774711609,
  "CM": 0.6726096272468567,
  "thalami": 0.6355606913566589,
  "IT": 0.3122999668121338,
  "nasal_tip": 0.5409849882125854
}