{
  "thalami": 0.8028095960617065,
  "IT": 0.8007534742355347,
  "CM": 0.5632609128952026,
  "midbrain": 0.46393656730651855,
  "NT": 0.4557304084300995
}