{
  "thalami": 0.8599234223365784,
  "midbrain": 0.7991279363632202,
  "IT": 0.7617635726928711,
  "nasal_tip": 0.4352893531322479,
  "NT": 0.2725178301334381,
  "CM": 0.26607969403266907
}