{
  "thalami": 0.828697144985199,
  "midbrain": 0.7866061329841614,
  "IT": 0.6582141518592834,
  "nasal_tip": 0.4165094494819641,
  "nasal_skin": 0.3257094621658325,
  "CM": 0.2865254878997803
}