{
  "thalami": 0.8728101253509521,
  "midbrain": 0.7863940000534058,
  "IT": 0.6741040945053101,
  "CM": 0.6086158156394958,
  "NT": 0.5653411746025085,
  "nasal_tip": 0.557137131690979
}