{
  "thalami": 0.8654186725616455,
  "IT": 0.774220883846283,
  "midbrain": 0.7526911497116089,
  "CM": 0.7044900059700012,
  "nasal_skin": 0.5439538359642029,
  "nasal_tip": 0.5094984173774719,
  "NT": 0.2891056537628174
}