{
  "thalami": 0.8558099269866943,
  "midbrain": 0.8016324043273926,
  "IT": 0.7564169764518738,
  "CM": 0.45062685012817383,
  "NT": 0.37839362025260925,
  "nasal_tip": 0.31988421082496643
}