{
  "IT": 0.8022873401641846,
  "midbrain": 0.7684597373008728,
  "thalami": 0.7129663228988647,
  "nasal_tip": 0.44101062417030334
}