{
  "IT": 0.7970491051673889,
  "thalami": 0.7585427165031433,
  "CM": 0.7435213327407837,
  "midbrain": 0.6872304081916809,
  "NT": 0.5100352764129639,
  "nasal_tip": 0.49974584579467773
}