{
  "thalami": 0.8688526153564453,
  "midbrain": 0.7817342877388,
  "IT": 0.637599766254425,
  "CM": 0.5941412448883057,
  "NT": 0.46599769592285156,
  "nasal_tip": 0.4445972740650177
}