{
  "thalami": 0.6745131015777588,
  "midbrain": 0.600730836391449,
  "IT": 0.5312083959579468,
  "nasal_tip": 0.524653971195221,
  "nasal_skin": 0.35827764868736267,
  "CM": 0.28427067399024963
}