{
  "thalami": 0.7857793569564819,
  "midbrain": 0.6580793857574463,
  "IT": 0.597407877445221,
  "CM": 0.5317866802215576,
  "NT": 0.28500235080718994
}