{
  "midbrain": 0.801750659942627,
  "thalami": 0.7922379970550537,
  "IT": 0.36325302720069885,
  "nasal_tip": 0.35025620460510254,
  "NT": 0.30278974771499634,
  "CM": 0.2920837104320526
}