{
  "IT": 0.7047660946846008,
  "midbrain": 0.454662948846817,
  "thalami": 0.7190693020820618,
  "nasal_tip": 0.5536589622497559,
  "CM": 0.4478156566619873
}