{
  "IT": 0.8143449425697327,
  "thalami": 0.7230737209320068,
  "midbrain": 0.7023569941520691,
  "CM": 0.6903077363967896,
  "nasal_tip": 0.5662164688110352,
  "NT": 0.42850589752197266
}