{
  "thalami": 0.7976933717727661,
  "midbrain": 0.7108763456344604,
  "IT": 0.5432263016700745,
  "NT": 0.46479174494743347,
  "nasal_tip": 0.39375215768814087,
  "CM": 0.25938680768013
}