{
  "thalami": 0.8250060677528381,
  "midbrain": 0.747754693031311,
  "IT": 0.6998357176780701,
  "CM": 0.5695068836212158,
  "NT": 0.44252824783325195
}