{
  "thalami": 0.7603794932365417,
  "nasal_skin": 0.7083261013031006,
  "midbrain": 0.6978486180305481,
  "CM": 0.6180591583251953,
  "IT": 0.5975356101989746,
  "NT": 0.3494318127632141,
  "nasal_tip": 0.27901124954223633
}