{
  "thalami": 0.8682945370674133,
  "midbrain": 0.7078744173049927,
  "CM": 0.6719263195991516,
  "IT": 0.6665084362030029,
  "nasal_tip": 0.613474428653717,
  "nasal_skin": 0.6124058365821838,
  "NT": 0.4323209524154663
}