{
  "thalami": 0.8606361746788025,
  "CM": 0.7525988221168518,
  "IT": 0.739397406578064,
  "midbrain": 0.6394315361976624,
  "nasal_tip": 0.6014355421066284,
  "nasal_skin": 0.46319878101348877
}