{
  "midbrain": 0.8253501653671265,
  "thalami": 0.7667653560638428,
  "IT": 0.6926722526550293,
  "NT": 0.5241836905479431,
  "CM": 0.27919718623161316
}