{
  "IT": 0.7781944870948792,
  "thalami": 0.7278957366943359,
  "midbrain": 0.6606566309928894,
  "CM": 0.4644463062286377,
  "NT": 0.44995787739753723
}