{
  "thalami": 0.8317582607269287,
  "CM": 0.7533206343650818,
  "midbrain": 0.7425515651702881,
  "IT": 0.6097481846809387,
  "nasal_skin": 0.572067141532898,
  "NT": 0.5270324349403381,
  "nasal_tip": 0.4873720109462738
}