{
  "thalami": 0.6991096138954163,
  "nasal_tip": 0.5430570840835571,
  "nasal_skin": 0.5302538275718689,
  "CM": 0.49858707189559937,
  "IT": 0.46764418482780457,
  "NT": 0.46284621953964233,
  "midbrain": 0.41504019498825073
}