{
  "midbrain": 0.7791866064071655,
  "IT": 0.7490221858024597,
  "thalami": 0.7376837134361267,
  "CM": 0.43483442068099976,
  "NT": 0.38635343313217163
}