{
  "thalami": 0.822591245174408,
  "CM": 0.8142083883285522,
  "midbrain": 0.7944661378860474,
  "NT": 0.6911342144012451,
  "IT": 0.6121821999549866,
  "nasal_skin": 0.424992173910141
}