{
  "thalami": 0.8860384225845337,
  "midbrain": 0.8214559555053711,
  "CM": 0.5512576103210449,
  "NT": 0.2975306510925293,
  "nasal_tip": 0.560361921787262,
  "IT": 0.5357180237770081,
  "nasal_skin": 0.30427035689353943
}