{
  "thalami": 0.7948072552680969,
  "IT": 0.7708724737167358,
  "midbrain": 0.7649986743927002,
  "CM": 0.6532426476478577,
  "NT": 0.26282602548599243
}