{
  "thalami": 0.8703614473342896,
  "midbrain": 0.8241158723831177,
  "IT": 0.8053397536277771,
  "CM": 0.6636940836906433,
  "NT": 0.36595186591148376,
  "nasal_tip": 0.36254703998565674
}