{
  "thalami": 0.775240957736969,
  "IT": 0.30204254388809204,
  "midbrain": 0.6221930384635925,
  "nasal_tip": 0.4319159686565399,
  "CM": 0.4211669862270355,
  "NT": 0.3121981620788574
}