{
  "IT": 0.7433977127075195,
  "thalami": 0.7045043110847473,
  "NT": 0.5919685959815979,
  "midbrain": 0.4078448414802551,
  "nasal_tip": 0.490608811378479
}