{
  "thalami": 0.6798353791236877,
  "midbrain": 0.6269763708114624,
  "IT": 0.30143052339553833,
  "NT": 0.4492664933204651,
  "nasal_tip": 0.34563225507736206
}