{
  "midbrain": 0.7202693223953247,
  "thalami": 0.7194340229034424,
  "NT": 0.6589652895927429,
  "IT": 0.3495314419269562,
  "CM": 0.38765251636505127,
  "nasal_tip": 0.3413049876689911
}