{
  "IT": 0.7679474353790283,
  "thalami": 0.7646782398223877,
  "midbrain": 0.740114152431488,
  "nasal_skin": 0.6948482990264893,
  "CM": 0.6589754223823547,
  "NT": 0.5424798727035522,
  "nasal_tip": 0.5412710309028625
}