{
  "nasal_skin": 0.8509184718132019,
  "thalami": 0.7560873627662659,
  "midbrain": 0.6085440516471863,
  "nasal_tip": 0.601900041103363,
  "NT": 0.321871280670166
}