{
  "IT": 0.7726501226425171,
  "midbrain": 0.7702783942222595,
  "thalami": 0.7224017381668091,
  "CM": 0.6966528296470642,
  "NT": 0.321402907371521
}