{
  "IT": 0.8287657499313354,
  "midbrain": 0.7377076745033264,
  "thalami": 0.6574190258979797,
  "CM": 0.6508036851882935,
  "NT": 0.49747350811958313
}