{
  "thalami": 0.8336251974105835,
  "midbrain": 0.8327633142471313,
  "IT": 0.7507883906364441,
  "NT": 0.53756183385849,
  "CM": 0.4735775589942932
}