{
  "thalami": 0.8198546171188354,
  "midbrain": 0.7574694752693176,
  "IT": 0.651549756526947,
  "NT": 0.30474337935447693,
  "CM": 0.45504751801490784
}