{
  "midbrain": 0.7561545372009277,
  "thalami": 0.36134618520736694,
  "CM": 0.5877813696861267,
  "NT": 0.4805608093738556,
  "IT": 0.27397939562797546,
  "nasal_tip": 0.2630980312824249
}