{
  "IT": 0.25409582257270813,
  "thalami": 0.7223283052444458,
  "midbrain": 0.6697545647621155,
  "NT": 0.3019481599330902
}