{
  "IT": 0.8165357112884521,
  "thalami": 0.7868756055831909,
  "CM": 0.7642167806625366,
  "NT": 0.7610003352165222,
  "midbrain": 0.6846201419830322
}