{
  "thalami": 0.8464168310165405,
  "nasal_skin": 0.732869565486908,
  "midbrain": 0.7172577977180481,
  "NT": 0.5755899548530579,
  "IT": 0.33709099888801575,
  "nasal_tip": 0.512257993221283,
  "CM": 0.30772075057029724
}