{
  "thalami": 0.7661134004592896,
  "IT": 0.7216550707817078,
  "CM": 0.6795754432678223,
  "midbrain": 0.6410937309265137,
  "nasal_tip": 0.6028475761413574
}