{
  "midbrain": 0.7905840277671814,
  "thalami": 0.7896629571914673,
  "IT": 0.4259435534477234,
  "nasal_tip": 0.37899336218833923,
  "NT": 0.3720931112766266
}