{
  "thalami": 0.8459565043449402,
  "CM": 0.7363331913948059,
  "midbrain": 0.7233220934867859,
  "IT": 0.482418417930603,
  "nasal_tip": 0.3070184588432312
}