{
  "thalami": 0.8263371586799622,
  "midbrain": 0.7443562746047974,
  "IT": 0.7259784936904907,
  "NT": 0.5894420742988586,
  "CM": 0.3129889667034149,
  "nasal_tip": 0.2703168988227844
}