{
  "IT": 0.7991051077842712,
  "thalami": 0.7685316801071167,
  "CM": 0.697162926197052,
  "midbrain": 0.6883256435394287,
  "nasal_tip": 0.5544198155403137,
  "nasal_skin": 0.38258782029151917,
  "NT": 0.42293962836265564
}