{
  "IT": 0.853768527507782,
  "NT": 0.7798231840133667,
  "CM": 0.7455578446388245,
  "thalami": 0.7353291511535645,
  "nasal_tip": 0.6268864870071411,
  "midbrain": 0.5980933308601379
}