{
  "thalami": 0.8522927761077881,
  "CM": 0.6704774498939514,
  "midbrain": 0.5691362619400024,
  "IT": 0.5371983647346497,
  "nasal_tip": 0.31350064277648926
}