{
  "thalami": 0.8536537885665894,
  "IT": 0.7752994298934937,
  "midbrain": 0.6180431842803955,
  "CM": 0.5807899832725525,
  "nasal_tip": 0.36572009325027466
}