{
  "thalami": 0.7994093298912048,
  "midbrain": 0.754936695098877,
  "IT": 0.5335742831230164,
  "nasal_tip": 0.30405640602111816,
  "NT": 0.27055755257606506,
  "CM": 0.26481708884239197
}