{
  "NT": 0.5173758864402771,
  "IT": 0.4023359417915344,
  "CM": 0.28397294878959656
}