{
  "thalami": 0.8083253502845764,
  "CM": 0.5307246446609497,
  "IT": 0.40989047288894653,
  "nasal_tip": 0.43816906213760376,
  "NT": 0.4341059625148773,
  "midbrain": 0.41088587045669556,
  "nasal_skin": 0.344245970249176
}