{
  "IT": 0.8082764148712158,
  "thalami": 0.7919447422027588,
  "midbrain": 0.746465265750885,
  "NT": 0.2746363580226898
}