{
  "IT": 0.7909245491027832,
  "midbrain": 0.7438127398490906,
  "CM": 0.7435175180435181,
  "thalami": 0.7312908172607422,
  "nasal_tip": 0.6329799294471741,
  "NT": 0.5886508822441101
}