{
  "midbrain": 0.7365488409996033,
  "thalami": 0.7261351346969604,
  "CM": 0.37579280138015747,
  "IT": 0.48460155725479126,
  "NT": 0.3742843270301819
}