{
  "thalami": 0.8133105039596558,
  "midbrain": 0.7887417674064636,
  "IT": 0.6205887794494629,
  "NT": 0.432529479265213,
  "nasal_tip": 0.40980857610702515,
  "CM": 0.40940776467323303,
  "nasal_skin": 0.33557364344596863
}