{
  "thalami": 0.8226035237312317,
  "nasal_skin": 0.7729319334030151,
  "midbrain": 0.7585951089859009,
  "nasal_tip": 0.6054407358169556,
  "IT": 0.5987932085990906,
  "NT": 0.5539273619651794,
  "CM": 0.35991036891937256
}