{
  "thalami": 0.8701184988021851,
  "midbrain": 0.7883616089820862,
  "IT": 0.545669674873352,
  "NT": 0.531751275062561
}