{
  "IT": 0.8144018650054932,
  "thalami": 0.8043316602706909,
  "midbrain": 0.7287979125976562,
  "CM": 0.6017677187919617,
  "NT": 0.2502044439315796
}