{
  "thalami": 0.7777594923973083,
  "IT": 0.7362741231918335,
  "midbrain": 0.7231882810592651,
  "NT": 0.5710106492042542,
  "nasal_tip": 0.37866079807281494,
  "CM": 0.2808813452720642
}