{
  "thalami": 0.8610427379608154,
  "midbrain": 0.7286337018013,
  "IT": 0.7006406784057617,
  "nasal_skin": 0.6268895864486694,
  "nasal_tip": 0.6136599183082581,
  "CM": 0.5678039193153381,
  "NT": 0.4999152421951294
}