{
  "midbrain": 0.7516404986381531,
  "CM": 0.717928946018219,
  "thalami": 0.7174474596977234,
  "IT": 0.5672451853752136,
  "NT": 0.48316386342048645,
  "nasal_tip": 0.28881898522377014
}