{
  "thalami": 0.7273029685020447,
  "midbrain": 0.6555266380310059,
  "IT": 0.3260251581668854,
  "CM": 0.5374906659126282,
  "nasal_tip": 0.4429967701435089,
  "nasal_skin": 0.43025559186935425
}