{
  "midbrain": 0.7081676125526428,
  "IT": 0.7008484601974487,
  "thalami": 0.5515142679214478,
  "NT": 0.40412890911102295,
  "CM": 0.3501299023628235,
  "nasal_tip": 0.34562984108924866
}