{
  "thalami": 0.6843041777610779,
  "nasal_skin": 0.6016015410423279,
  "nasal_tip": 0.565734326839447,
  "IT": 0.442543089389801,
  "CM": 0.5085395574569702,
  "midbrain": 0.4992365539073944,
  "NT": 0.2782822549343109
}