{
  "CM": 0.8331893086433411,
  "thalami": 0.8204996585845947,
  "IT": 0.7889879941940308,
  "midbrain": 0.765916645526886,
  "nasal_skin": 0.6977529525756836,
  "nasal_tip": 0.6721472144126892,
  "NT": 0.6294655799865723
}