{
  "thalami": 0.7429531216621399,
  "NT": 0.6118602752685547,
  "midbrain": 0.4971774220466614,
  "IT": 0.3354624807834625
}