{
  "thalami": 0.8269928097724915,
  "nasal_tip": 0.7039896249771118,
  "midbrain": 0.6495132446289062,
  "NT": 0.5909624695777893,
  "IT": 0.3015594482421875,
  "CM": 0.3500598073005676
}