{
  "thalami": 0.7490707635879517,
  "IT": 0.719131588935852,
  "midbrain": 0.6519869565963745,
  "nasal_tip": 0.5613235831260681,
  "CM": 0.4889715909957886
}