{
  "midbrain": 0.754099428653717,
  "thalami": 0.7526549100875854,
  "IT": 0.7369515299797058,
  "CM": 0.697851300239563,
  "NT": 0.4210994839668274
}