{
  "thalami": 0.8142718076705933,
  "midbrain": 0.7828825116157532,
  "IT": 0.7393161654472351,
  "nasal_skin": 0.35471591353416443,
  "CM": 0.6879058480262756,
  "NT": 0.3690912425518036,
  "nasal_tip": 0.3488936126232147
}