{
  "IT": 0.7890465259552002,
  "midbrain": 0.7629899978637695,
  "thalami": 0.7520093321800232,
  "CM": 0.5513904094696045
}