{
  "thalami": 0.7278013229370117,
  "IT": 0.6495464444160461,
  "NT": 0.6031346917152405,
  "midbrain": 0.5833685994148254,
  "CM": 0.5491185784339905,
  "nasal_tip": 0.3344278931617737
}