{
  "thalami": 0.8611350059509277,
  "IT": 0.8498244881629944,
  "midbrain": 0.8381314873695374,
  "CM": 0.6702587008476257,
  "NT": 0.4963495433330536,
  "nasal_tip": 0.36915627121925354
}