{
  "thalami": 0.7980715036392212,
  "NT": 0.7147396802902222,
  "midbrain": 0.7041110396385193,
  "CM": 0.27614232897758484,
  "IT": 0.43349939584732056,
  "nasal_tip": 0.30000564455986023
}