{
  "thalami": 0.7131648063659668,
  "CM": 0.5719106197357178,
  "IT": 0.30309465527534485,
  "nasal_tip": 0.3513640761375427,
  "NT": 0.3326095640659332
}