{
  "thalami": 0.7990716099739075,
  "IT": 0.7292935252189636,
  "midbrain": 0.6972474455833435,
  "NT": 0.5758193135261536,
  "nasal_tip": 0.5091044306755066,
  "nasal_skin": 0.31784090399742126
}