{
  "thalami": 0.7147470712661743,
  "NT": 0.4924340546131134
}