{
  "thalami": 0.29074668884277344,
  "midbrain": 0.6163111329078674,
  "IT": 0.37895768880844116,
  "nasal_tip": 0.4302370846271515,
  "NT": 0.3952071964740753,
  "CM": 0.36856257915496826
}