{
  "thalami": 0.7519751787185669,
  "midbrain": 0.744617760181427,
  "CM": 0.6619770526885986,
  "nasal_tip": 0.5676199793815613,
  "IT": 0.4066709876060486,
  "NT": 0.39462921023368835,
  "nasal_skin": 0.289005309343338
}