{
  "thalami": 0.742057740688324,
  "CM": 0.48391208052635193,
  "midbrain": 0.30492496490478516,
  "NT": 0.26033344864845276
}