{
  "midbrain": 0.785609245300293,
  "IT": 0.7744489312171936,
  "thalami": 0.7681294679641724,
  "CM": 0.7589958906173706,
  "NT": 0.6060026288032532,
  "nasal_tip": 0.25825801491737366,
  "nasal_skin": 0.3478468656539917
}