{
  "thalami": 0.8299438953399658,
  "IT": 0.3398190438747406,
  "midbrain": 0.7944743037223816,
  "CM": 0.623210072517395,
  "nasal_tip": 0.5458434820175171,
  "nasal_skin": 0.48913314938545227,
  "NT": 0.3919624090194702
}