{
  "thalami": 0.8153582811355591,
  "IT": 0.6927477717399597,
  "midbrain": 0.6805475950241089,
  "NT": 0.4844224452972412,
  "nasal_tip": 0.41928985714912415,
  "CM": 0.3872104585170746
}