{
  "thalami": 0.8300347924232483,
  "IT": 0.7793523669242859,
  "midbrain": 0.6890939474105835,
  "CM": 0.544999361038208,
  "NT": 0.301931768655777
}