{
  "midbrain": 0.8185303211212158,
  "IT": 0.7739413380622864,
  "thalami": 0.702057957649231,
  "NT": 0.4695124328136444,
  "CM": 0.41510534286499023,
  "nasal_tip": 0.4113595187664032
}