{
  "thalami": 0.7507181167602539,
  "midbrain": 0.7241023778915405,
  "IT": 0.6860926747322083,
  "nasal_tip": 0.449542760848999,
  "CM": 0.4268858730792999,
  "NT": 0.2796817719936371
}