{
  "thalami": 0.7789191007614136,
  "midbrain": 0.7129759192466736,
  "IT": 0.6339502334594727,
  "CM": 0.38262906670570374,
  "NT": 0.3531029224395752
}