{
  "thalami": 0.8362277746200562,
  "IT": 0.8315903544425964,
  "midbrain": 0.819950520992279,
  "CM": 0.7241421937942505,
  "NT": 0.5642639994621277,
  "nasal_tip": 0.4851999282836914,
  "nasal_skin": 0.44995972514152527
}