{
  "IT": 0.6654018759727478,
  "midbrain": 0.6421357989311218,
  "thalami": 0.39986804127693176,
  "CM": 0.39293769001960754,
  "nasal_tip": 0.3773452639579773
}