{
  "thalami": 0.8405300378799438,
  "CM": 0.3214081823825836,
  "IT": 0.4721788167953491,
  "NT": 0.44877585768699646,
  "midbrain": 0.37771740555763245
}