{
  "IT": 0.7639405131340027,
  "midbrain": 0.7608219981193542,
  "thalami": 0.6739479899406433,
  "NT": 0.6734458208084106,
  "CM": 0.6486310958862305
}