{
  "CM": 0.7067708373069763,
  "thalami": 0.6230763792991638,
  "nasal_skin": 0.28141969442367554,
  "IT": 0.587420642375946,
  "NT": 0.3203528821468353
}