{
  "thalami": 0.83207768201828,
  "midbrain": 0.656281054019928,
  "IT": 0.31336742639541626,
  "NT": 0.44263240694999695,
  "nasal_tip": 0.36637958884239197,
  "CM": 0.3065136671066284
}