{
  "thalami": 0.832317590713501,
  "midbrain": 0.6708840131759644,
  "IT": 0.5899441242218018,
  "NT": 0.5399504899978638,
  "CM": 0.2645496129989624,
  "nasal_tip": 0.28938835859298706
}