{
  "thalami": 0.5707500576972961,
  "midbrain": 0.5632153749465942,
  "CM": 0.30443432927131653,
  "NT": 0.5115776658058167,
  "IT": 0.5103666186332703
}