Metric,Value
Accuracy,0.5555555555555556
Precision,0.7142857142857143
Recall,0.7142857142857143
F1-Score,0.7142857142857143
Sensitivity,0.7142857142857143
Specificity,0.0
NPV,0.0
